Sample_ID,Feature_1,Feature_2,Feature_3,Feature_4,Feature_5,Feature_6,Feature_7,Feature_8,Category,Target
S0001,0.4967141530112327,1.3993554365860021,-0.6751782749743815,-1.907807557877391,-0.863493604964934,-0.42375968202270325,-1.1140813582330875,0.7851850823103762,B,-1.0220977875066108
S0002,-0.13826430117118466,0.9246336829127688,-0.14451867071551783,-0.8603850107795019,-0.031203488939083975,-0.45341410838385404,-0.63093083373779,-1.7776809623702012,A,0.40235682632124237
S0003,0.6476885381006925,0.05963036992017413,-0.7924199209999613,-0.41360553342164424,0.018016872044446585,-1.795643172630015,-0.9420601835742449,0.7147456498889451,B,0.9636118108628806
S0004,1.5230298564080254,-0.6469367777055739,-0.3079615296390403,1.8876876573401904,0.47263034584340563,-0.3300901917014373,-0.5479958187411378,-0.23372405785172545,C,0.9645989185912373
S0005,-0.23415337472333597,0.6982233136135899,-1.8936146669537857,0.5565531245337582,-1.3668583632808264,0.732829081821745,-0.21415031071118876,0.707457710864381,A,-0.8528193960722639
S0006,-0.23413695694918055,0.3934853854217496,0.21329370737293857,-1.3354815690998914,0.5925672738473307,-1.2742321190767951,0.8371544863313845,0.7769316923548287,A,0.38865852236868087
S0007,1.5792128155073915,0.8951932200277323,0.0012054753622242368,0.486036289417637,-2.704391631602775,1.0484826510505925,-0.32115903870570245,1.6079150611191575,A,-0.8998826170456962
S0008,0.7674347291529088,0.6351718016819695,-0.8170886310681906,-1.5473039889383655,-0.6298845523638104,0.4877748210843382,-1.5856257067695927,1.3534536476212031,B,-0.21054849973803336
S0009,-0.4694743859349521,1.0495527153193351,0.6592456684324051,1.0826910538870733,-0.48827384245154465,-0.7342333219710379,1.1400678464951604,1.3465716626102961,B,0.5201680989460166
S0010,0.5425600435859647,-0.535235211560568,0.9375701376265584,-0.4711246518178786,0.6333268260712385,-0.14152963733784743,-0.8370901336150396,1.4436703191662383,C,1.0613753366291845
S0011,-0.46341769281246226,1.3173940656343257,-1.6075598643689741,-0.09363618873917084,0.02263085267686914,1.598321807641033,-0.05872042710462872,0.29137898481594593,A,-2.1493969936611563
S0012,-0.46572975357025687,0.19759960469239965,-0.7627247785662142,1.32579664754219,-1.4055630538562867,0.7335478135058658,0.4465365069407115,0.0321850870368397,A,0.09863469140849897
S0013,0.24196227156603412,2.0752608726252655,-0.7691423497872982,-1.28716356858425,-0.9849931258170151,0.008783654898147817,0.1996104184027828,0.8728170831783344,B,1.4072933035299422
S0014,-1.913280244657798,-0.6891878180895679,-0.9399031011088647,-1.3971181851129912,0.1986800095474069,-0.2376833169609843,1.0941795475214755,0.7320809514330224,C,0.23221942967536735
S0015,-1.7249178325130328,1.7359638031652493,0.8294748419317485,-0.5835993263460049,-0.07906734186455629,0.07660907045165961,0.4790031433927589,-0.30906623673826017,C,0.08261327279331242
S0016,-0.5622875292409727,0.1979107834626478,-0.19382613877280352,1.0383788510193166,-0.5791241096357465,-0.5117635579423034,-0.861309579697108,0.40482340880826806,A,-0.5630071514803686
S0017,-1.0128311203344238,-0.6514180036144483,-0.26451484131061076,-1.5193460754768424,-0.48083378951197936,-2.1047495057190146,2.178562173991662,-0.03509646678459442,B,1.3807529677862802
S0018,0.3142473325952739,-0.48388583405432156,-2.0038623644067535,-2.832155598110569,0.696167997159289,2.042177910534731,0.19433346333823323,-0.853932908460056,A,-0.5167840952112729
S0019,-0.9080240755212109,-0.32034730819432017,0.6354180302092264,-0.4511588584089988,-0.5176925728692147,0.15532499919940146,-0.14734022662150623,1.2904607413763498,B,-0.10014939044932804
S0020,-1.4123037013352915,0.4241659464019164,-1.2392583948534726,0.5517407999109204,-0.08809124402907328,0.3981472651225371,0.9639254230555709,0.05519924253008922,C,-0.4702131785317291
S0021,1.465648768921554,0.5228354880354996,0.05993263026632825,1.2002617497388293,2.169936588080543,-0.05790774987690872,0.24945094593007222,2.0487082576988507,A,0.10819550851496382
S0022,-0.22577630048653566,-0.573700003938579,0.2773769379581917,-0.463161362085399,-1.423682636883923,-0.735116800724588,0.3992281929393271,-1.6254922701998327,A,1.425651999048196
S0023,0.06752820468792384,-0.02435459226098284,1.360658595838651,-0.41142660711600243,-1.8518427315746586,-0.18592448094877073,2.492183998600687,-0.5567787728433663,A,-0.906106530576663
S0024,-1.4247481862134568,2.1422703586118637,-1.308820399119112,1.1539007342557472,0.7835896647986067,-1.5993947621943112,-0.27512142825504665,0.03263883669087142,C,0.11255326425186621
S0025,-0.5443827245251827,1.7275431701007113,-3.0195121558208253,-1.8697416996954206,-0.6786430612941032,2.2770864980533045,-0.3177608940173958,1.137381097628914,A,0.3910645002158086
S0026,0.11092258970986608,0.4363236696740321,0.18384954475369486,-0.38852077518300926,-0.31823752774262026,-1.234511998422396,0.1165785120124638,0.39946937260218507,C,-0.8123321349693472
S0027,-1.1509935774223028,0.03800347816820029,1.8005111815108537,0.19042388992505774,-0.7811563781311142,-1.0319662838471795,1.0715159355810386,0.31047275418075143,B,-0.059015856110719835
S0028,0.37569801834567196,0.1200313267182613,1.2389463529394373,0.44921872128503426,-0.2598001407675125,-0.4402592043864004,-1.506534030190399,-1.127263792554147,C,1.8513401194910784
S0029,-0.600638689918805,0.6135179727304166,0.20965941527462578,-0.5098066931908826,1.5985381120963413,1.2880757248523775,-1.9655558914765052,-1.1569413972294713,B,-1.7684893278879517
S0030,-0.2916937497932768,-1.0227925651984056,-0.49163618563204736,0.03444101170584135,0.8021284586181193,0.014508999262654136,-0.5871152706201476,0.3225046602899047,C,-0.4212007381574018
S0031,-0.6017066122293969,-0.2573765374233451,0.8071225966373103,-2.4883273534129895,0.8622235118869771,-1.2361357960304624,-1.6339229590592872,-1.3641059938183584,C,0.2505595069300925
S0032,1.8522781845089378,-1.6685840738775894,-0.9735461997044687,-0.6582484123338483,-1.4162270557926455,1.2543383607573395,-0.42483134752563845,-0.5318777502893286,A,-0.37594296933225585
S0033,-0.013497224737933921,0.39922312260527926,0.47635776935621926,0.4535087125544674,-1.1511537365528692,0.7310006267854814,0.5024996961292902,0.5009173290858575,C,2.8862474705641117
S0034,-1.0577109289559004,0.647195939702741,0.5054701591666269,-0.9822940342546795,-2.839078659485427,0.5384349572164524,-0.8907488635522636,-0.9823242722767759,A,0.5486907364812927
S0035,0.822544912103189,-0.483186462299374,1.0602099074988798,0.058984221589597374,-0.809380821082754,0.7157342411708404,-1.4268265767813424,1.6053559623618066,B,-1.0443691628594758
S0036,-1.2208436499710222,1.5739867632900328,2.7596600389110777,0.446872500802698,0.9567031863856584,2.394361900582451,0.06933716171534797,1.22393634423789,B,-2.336759355320309
S0037,0.2088635950047554,-1.2257656630023412,0.39241596717876703,-0.34254920085776497,0.5169465157483709,2.185094895036112,0.8625434846151703,-1.5714199983383004,A,0.3402758627518537
S0038,-1.9596701238797756,-1.4643748802098202,-0.5089636257074988,0.1704637709965709,-0.2215132629521239,-0.6867153430032953,-1.6949734385166126,-0.9323712431819872,B,-0.7556191238075392
S0039,-1.3281860488984305,0.22445181855997204,-0.025574312191994436,-0.9627325652846123,-0.02230028371805305,1.6238849928111523,0.8202323983059842,-2.28577724449495,C,1.2888985062786533
S0040,0.19686123586912352,1.0470983026121545,-1.7690759048891183,-0.20661127969604665,-0.6888855425754056,0.3831681897589003,0.8173062037383262,-0.7825913625481332,A,-0.27486556291038367
S0041,0.7384665799954104,1.6839276914578687,-0.6947131310890582,0.6102161695892225,0.20475888240178416,0.4990958161377494,0.954085102156628,0.7663884765723994,A,-0.5683516406695304
S0042,0.1713682811899705,-0.45888426286894,-0.409282438113104,0.15697296096843422,0.7658782794806148,-1.6922708316433286,1.2184802148716865,-0.4138949422748569,A,-0.5852471571449845
S0043,-0.11564828238824053,1.0786808334312956,-0.5240883979345925,-0.5865312695639355,-1.6158867874104728,-0.17038576538819597,2.202013924659616,0.46079724361596747,B,0.9865091738292784
S0044,-0.3011036955892888,-0.03850846950070721,0.152354872033722,0.224216404290793,0.29964768783734813,-0.8128235903365649,-0.3560920486190552,-1.5223343182817441,B,0.4155830398339642
S0045,-1.4785219903674274,-0.17262729994081963,-0.8224199323822006,0.714609790636618,0.9324348709546673,0.8280588148933092,0.10957158007785811,0.7979752545819053,C,1.755956723790878
S0046,-0.7198442083947086,0.8836599374866724,1.1210306673244714,-2.049941278577478,-0.4151002889633696,1.071080500402805,-0.41643843324802554,-0.5551092279283498,C,-0.21510711620318848
S0047,-0.4606387709597875,0.6523228784134196,0.00020706491819709385,1.1590740649558977,0.7007006121205837,-2.0744863510163114,0.0019768447558107757,0.012169682282905197,A,0.8622794120530326
S0048,1.0571222262189157,-1.5763921569842494,-0.009300321138614417,-0.336254738681072,2.814654444472553,-0.02203486400427045,1.5328733556363119,-0.09287450139305273,C,0.8793760844116465
S0049,0.3436182895684614,1.4765403497258958,-0.32789471651291785,0.42548993324023027,-0.10434279298689192,1.1218615047942522,-1.3450144839306688,-1.2715485208922839,B,0.6738134530635596
S0050,-1.763040155362734,1.3800913541474515,0.15519068385897913,1.197246923645228,0.3933070500053236,-0.18667896231344497,-0.8610496721655755,-1.1530843317397823,C,-0.5098578190466422
S0051,0.324083969394795,-0.6255627015095294,0.8250982646676347,-1.371673697230466,-0.7380570836613916,0.7290636450023644,1.3771809365045613,0.967794469003426,B,0.47340803004578785
S0052,-0.38508228041631654,0.39580353343740904,-0.8671302157109003,-0.7094410024275466,0.1812511626020504,0.35116546762708406,1.0200365069020898,0.3989921575016956,C,-0.09724244006400126
S0053,-0.6769220003059587,0.4940301862827388,-0.6581164890752567,-0.2885486958757048,0.46027162498230384,0.34166023195262635,-0.363131646817078,1.0500490415534267,B,-0.12351627109154253
S0054,0.6116762888408679,0.2606737658239071,-0.30372602877666466,-0.7837535211244283,0.19484234027013805,-0.27131497806829746,0.8544020011207198,0.3246582355025183,B,-0.8058102916852656
S0055,1.030999522495951,-0.5503051538454201,-1.345870923473215,1.7349365758368085,-1.0196953197088567,-1.2165808041357096,0.34121584249203324,0.14299063480921648,C,-2.1203387412307233
S0056,0.9312801191161986,-0.6716233679380516,-0.8192578597214978,-0.8567720938267928,0.2063617713254507,-1.1215301474250274,1.500274609000988,-1.7260106186667665,C,1.2483763641981849
S0057,-0.8392175232226385,-0.025554070991445278,-0.47622087354465903,-0.5555467794868666,1.4621959387176369,0.7093525144553172,0.07450959382677262,-0.27036669676116976,B,0.4315583692859805
S0058,-0.3092123758512146,1.1727290192593647,0.8743891807127275,0.20438903160297678,0.4486357645145273,0.019458255518883118,1.0256321138725824,-0.027384320403744018,A,-1.3431982196769263
S0059,0.33126343140356396,0.5436001545944323,0.26256132900192497,-1.2021495260760888,0.961987189071841,-0.13851224460722475,2.64201191049262,1.953107198272574,C,0.7177104605479809
S0060,0.9755451271223592,-0.37061433208610595,0.19358991136754436,-0.39568071175626385,-0.23701197001262772,-0.42389004232235256,0.5980991550474662,0.6869566320986773,B,1.2681354929902422
S0061,-0.47917423784528995,0.7716987106483447,0.8508979621679722,0.31745326125017514,0.7499002394237105,-0.30518884548075176,0.04932816579484362,1.5360611817095284,C,0.7776674467161618
S0062,-0.18565897666381712,-2.8485426206300755,-0.13737178839939665,-0.33286040438251124,0.27926783821652595,1.0469117944881394,0.7224469852209794,0.5975377058947282,C,-0.8916381788329305
S0063,-1.1063349740060282,1.1487657003721035,0.3904648499288896,-0.09338685889994829,-0.950910729687232,-0.33524408186802673,-0.3652808582038849,-0.7113032269494793,C,-0.7319918925357974
S0064,-1.1962066240806708,-1.7397137787780996,-0.10322175293249623,-0.5293321124483709,0.31852100479887446,-1.3410647133015687,2.387967705524732,0.11712421614985134,C,-0.547876014847448
S0065,0.812525822394198,-0.36244094140313216,0.26536234939962844,-1.514470309180767,-0.9916966634403105,0.7436517755401733,0.18007103769598148,0.23622364626423303,C,0.8610848062038113
S0066,1.356240028570823,-1.1196698946261439,-0.5827586576115821,0.32159321133923857,-0.6328802748847919,-0.20487666386471723,-0.27293332022551287,-0.9391555697706817,A,0.47895985916800976
S0067,-0.07201012158033385,-1.2946814757209058,-2.438817158276429,1.7549330716472415,0.18932830729237413,0.03139586553277644,-0.8356890050200362,-0.38438737659292116,A,2.7902916215481857
S0068,1.0035328978920242,1.1608267873785194,-0.13427916218630415,0.01840163078343813,0.29724427338012405,1.6075783063995104,1.0972201916064384,-0.205766993677172,A,-1.6408850617178827
S0069,0.36163602504763415,-0.46770120131189136,1.42274813609994,0.22526411724754952,-1.189232465077129,-0.020560557350507186,0.8671874128277388,1.605619832565118,B,-0.05259833656866505
S0070,-0.6451197546051243,0.3465038817307158,0.9262154022415924,0.6927227551168594,1.0539857711828762,0.28918367311872534,-0.4973543714140932,-2.0807405253909783,A,-1.9277552593431986
S0071,0.36139560550841393,-0.04692057887918407,0.9653974845911707,-1.2693304965466992,0.5720062783004729,-1.1789234912983253,0.5764513451224227,1.2058184207160432,A,0.5966479047345142
S0072,1.5380365664659692,0.47704082722312147,1.2361307218062179,1.7025146581296056,-0.7047284356108838,-0.21966945235096014,-1.5085559682128564,-0.9367952349593828,B,1.0668946186472568
S0073,-0.03582603910995154,0.07682189106025536,0.08865759096143744,0.20232879642280202,-1.5375847964491753,0.6095260452086012,0.18497057507315626,-1.372079187269614,A,1.4421061167681433
S0074,1.5646436558140062,-1.2829922241885696,0.1973157074055956,1.631856899089109,-0.1449045790814313,-1.5553737338412423,0.4527563520766945,1.179942130038464,C,0.18852209286478902
S0075,-2.6197451040897444,0.99626681944714,-0.6176518954343502,-0.7330329955239894,-0.44594371386116016,0.20084509311570958,1.7073298095592229,0.731898069234381,A,-1.9133093709277296
S0076,0.8219025043752238,-0.4937565831613125,-0.31607285602704976,1.8180619225578247,0.11314045705302281,0.1007910726448063,-0.7708188027286894,1.25451870238119,A,-0.050148570806248335
S0077,0.08704706823817122,-1.556581898659751,0.6157711497711416,0.7751554940347831,-0.3631166611555665,0.04128745558743938,-1.2783526288023244,0.8007019475455768,A,0.43678989402435897
S0078,-0.29900735046586746,-0.4281151609659125,1.2038844371688162,0.5530400858523584,-2.00745686074501,1.0371588986582432,-0.8954279609250417,2.059845001737402,C,-1.005146254684147
S0079,0.0917607765355023,1.5007597906343109,-0.13944627568099954,0.23402445435314795,-0.3883469383011584,0.3344385148485215,-1.33656850031492,0.5587238369444854,C,-0.2649786635224417
S0080,-1.9875689146008928,0.8502217421134929,-0.4501892648514116,-0.24852861807444937,-0.30561911106831297,1.478071898356444,1.336657357758983,-0.15647737612315848,C,-1.277049634596047
S0081,-0.21967188783751193,-0.3486521344078592,0.0005279588565972928,1.2005316584738726,0.6336610247740587,-0.9935895155940362,1.5486392950240366,0.34292637732134257,C,-0.6127045293578621
S0082,0.3571125715117464,-0.3492577043184288,0.6012067489291149,0.14035986984804696,-0.6981996746110497,0.13592456721834797,0.3202165779488289,1.2434691283459636,B,0.9124665694033126
S0083,1.477894044741516,-0.3216350512173826,-1.4438548161335418,-1.9670697035871523,1.6786746733725662,0.08446678638994742,1.221294945685148,-0.779375325260117,C,0.6801629467912917
S0084,-0.5182702182736474,2.076747983560841,-2.296180953137238,-1.1171864617070024,-1.911640550651757,-1.06925449375508,0.13395838058023532,-0.6518885825313808,C,-1.3952195094364415
S0085,-0.8084936028931876,0.38193545223155334,-0.5505368494915835,-0.1858457521927473,1.3111674978026244,0.9562950020913461,-0.09511164770076601,-0.3089600145979074,C,-0.7049851476380655
S0086,-0.5017570435845365,0.43004164719106963,-1.2207124259141586,0.3099989831655551,-0.2243189708781048,2.324673305852818,-0.33303761905376167,-2.1045827987653323,C,0.05709198477574067
S0087,0.9154021177020741,1.0302834540318422,-0.5081401976473109,-0.05658848889989584,0.8595848723435562,-0.017006074483830996,-0.3103909913775655,0.13807840841754684,B,0.22652431854787222
S0088,0.32875110965968446,0.23878915902651351,-0.14778031881747153,1.2189707897936632,0.0798014840587331,0.5050210882737669,-1.5478015563090313,-1.8861287039510262,A,-0.662895756545944
S0089,-0.5297602037670388,-0.2590421458207031,-0.4532484090230134,-1.9511018640386248,1.1395555360254692,0.08451847581532725,0.26425476360733907,0.053059312932619035,A,0.4764574533215925
S0090,0.5132674331133561,-0.19634984908497827,1.4524675344707454,0.1435879365051602,-0.38736196455281124,-0.7135846699071758,-0.040333910214043756,0.8652897561352498,C,-0.03528222051476279
S0091,0.09707754934804039,-0.07160125941406395,0.32674476460232005,-1.8179792253871547,-1.0986204251778122,-1.8207602778020162,0.7453607240778758,-0.47687646064383565,C,-2.576629766860556
S0092,0.9686449905328892,-0.03722223650984159,0.30047435961082836,0.7597122954841684,1.4205042872710631,-0.7057734830953651,0.0935234964386097,1.677115870186871,C,-0.5716703272767002
S0093,-0.7020530938773524,0.7276295436369798,0.6222071440434019,-0.09445871444200275,-0.11348064588214118,-1.3919583809517313,-0.16270370156909178,-1.4605008994184878,A,-0.6002257301105709
S0094,-0.3276621465977682,0.05194588580729943,-1.1388331177807691,0.41960997202411815,0.2215584736242106,1.7041020780591178,-0.8711930300076307,1.1912606816318325,A,0.6782737003897429
S0095,-0.39210815313215763,0.7326400772155792,1.0391117874202687,-0.8638829605897661,1.2347519140447951,-0.11510969392323915,0.07215323682176132,0.6751370564069208,C,0.6960592371780476
S0096,-1.4635149481321186,-0.08071658010858232,-0.07576428653545988,1.279464931657751,-1.031955242094435,-0.3459193290471707,0.738237230816162,-1.716033248310689,A,-1.67210277092788
S0097,0.29612027706457605,0.07863519031609059,0.6704806172412126,1.0417246640588513,0.5954908976392573,0.8891538247878059,-1.1433389910838607,2.7107942990405327,B,0.43847175699656754
S0098,0.26105527217988933,-1.9982006845321076,-1.0718572330401555,0.5835443030118876,-0.5898947564628909,-1.121751102855888,0.08747375368073924,-0.06374528550396617,C,-0.07396384540069194
S0099,0.00511345664246089,0.9163276747024814,-1.5537587660160643,-0.12951724686344077,-0.13216935564437185,-0.7668640380045524,0.23304295152948393,-0.8774840221556317,C,0.12642440812473676
S0100,-0.23458713337514692,0.3464884758979927,0.8178896580250287,0.5798572852951321,0.07227896538428889,0.06807226924862103,-0.7180647836182643,-1.407087194784017,B,-0.6138270186937304
S0101,-1.4153707420504142,0.9980101098596522,0.3764095260975166,-0.7068925679873489,-1.500221861446936,1.0287689914234805,-0.5878563049080002,-0.22001802765967404,B,-0.06182992276768087
S0102,-0.42064532276535904,-2.8962553781936893,-0.9020515543575104,0.8555556590207121,-0.7788370428204348,0.5016850451687882,0.23061084876621443,-0.12740687238995974,A,1.1503268225783398
S0103,-0.3427145165267695,2.0883747047807275,-0.8696630812746944,1.649480894323921,1.3510728924131392,0.2483251425158822,-1.133421018292623,0.10264552853966442,B,0.112185759091425
S0104,-0.8022772692216189,-0.13958962815517376,1.1254347844147694,1.0706105599791862,0.8861911885847956,0.07811773523601635,0.34992371524939253,-0.29779615622396016,C,-0.042426705617893655
S0105,-0.16128571166600914,1.1081828167375165,-1.1894118928673278,-0.7296024698074095,-0.06263957732723487,0.40023585552677515,-0.8953543736592,0.6332253101150935,A,-0.4792033741962163
S0106,0.4040508568145384,-1.0399059271255309,1.6426729532559634,0.3614173172731029,0.24312345851289308,0.20165290512925463,1.0628536930332164,-0.38762983266324635,B,1.0522559337439636
S0107,1.8861859012105302,0.6127739050625697,-0.9006207346478687,-1.2931415437586478,-0.29424250563645765,-1.0299722747769358,2.3378277453883,-1.934964117240471,A,-1.2807878166672102
S0108,0.17457781283183896,-1.0534155631736561,0.638391925608383,0.5723903111756757,1.356583385827982,0.04607922163315134,-0.8607568017018197,-0.1493614956496412,A,-0.8019696017829179
S0109,0.25755039072276437,-0.6237689606958051,-0.3286184757489846,0.45060341286253885,-0.20035257779416388,-1.0736886589177526,0.5342078623746747,-2.367477653373278,A,-1.3382113817853876
S0110,-0.07444591576616721,1.9140313538667861,0.6031874310823431,-1.869816339532164,0.23184209213484805,0.08108254290082371,-0.7267419048820193,0.3537706308913895,A,0.2006851750501655
S0111,-1.9187712152990415,-0.19068240076334658,-0.5441140021141926,-1.1617838439123638,1.146030144142065,-0.4806479414882414,1.0409541737977894,-0.9793002302826354,B,1.179747606415444
S0112,-0.026513875449216878,0.21743287317972287,-0.1627929060722942,-0.28313889674376713,-0.7773714848459066,2.5393816227828614,-1.265258409085215,0.16336035491580048,C,-0.3287954175694484
S0113,0.06023020994102644,0.8700677306887542,0.04091917539572113,-0.30085974714082625,1.558789184496894,-0.03989438375171192,0.48058675842771265,1.3140749815246042,C,-1.0694055347748608
S0114,2.463242112485286,0.49568188797260465,-1.0021874557814727,-1.2094769354188053,-1.5304614097433769,-1.4042395662615887,-0.8729889668893527,-0.9487486952680001,B,1.6364464837049708
S0115,-0.19236096478112252,0.15041890514357642,0.7408243454201259,0.38897872935218375,1.6296421311127987,-0.13418021067692457,-0.20698458909836875,1.061256258512118,C,0.4512830666483995
S0116,0.30154734233361247,0.3649610024662254,-0.5132135664715852,0.2514736089405121,-0.3726755839519746,0.5193587456378881,-1.031025275147307,-0.4333895666861532,A,0.2775241436342788
S0117,-0.03471176970524331,2.403415585238275,-0.22859991534001858,-0.1942691319785193,-0.24269874782528175,1.6733639461525236,0.8223504708957536,1.7531948020655854,A,-0.19019064217300183
S0118,-1.168678037619532,-0.05761879703358539,-0.9943493746085122,-0.7557915001583629,-1.890010171182943,-0.5894523999387185,-0.836980354439587,-0.36515261319821335,A,0.6690141718574816
S0119,1.1428228145150205,0.2010990467149675,-2.5623336587953105,1.0487071264165635,-0.4547947173776929,-1.58242797402364,0.5519642593318276,-0.8404929855066914,B,0.2618555642786702
S0120,0.7519330326867741,1.050654396007612,-0.19102776260016902,1.6554071130882952,-1.0398065310268843,0.8168370114309812,-0.34409802826233293,0.6872384503952884,A,-0.48126842837938083
S0121,0.7910319470430469,1.1055259329579838,2.412615421612916,-0.4835614838465371,-0.6076463453734726,-1.3805987058996512,-0.11447237179886294,-0.43578972962363594,A,-0.3138026268128607
S0122,-0.9093874547947389,1.1870303055603801,0.7846042878980238,-0.6121669171548207,-0.1373109657888796,-0.43615544150748503,0.14775590740012853,-0.8414495141290085,B,-1.019886801013034
S0123,1.4027943109360992,0.6387302220291846,-0.01926037973439464,0.4912076654119963,0.9577916144729056,-0.25762048551099404,-0.7618246716588487,-0.47783985070379115,A,-1.1445651875274974
S0124,-1.4018510627922809,-1.1430049127304835,-0.2628908292082677,-0.35802937974698623,0.20760335140062577,-0.06963345330010817,0.2103671135408869,-0.04460653218300141,A,-0.2966521950968329
S0125,0.5868570938002703,1.633431532301096,0.02246589281204638,-0.13939720066323416,0.30767665340111383,0.6891644570743356,1.530334564354411,1.342180131244854,C,1.154214892291474
S0126,2.1904556258099785,-1.146345393018688,0.54711911517521,0.7396531517246714,-1.0955193888455623,-0.6836342822863877,-0.7780947858327143,-1.934087745459577,B,-1.0341632121613418
S0127,-0.9905363251306883,0.30263546523903323,-1.1808128153088449,-1.9093560875072928,-0.8807540896027302,-0.2737292521667607,1.1718101432738448,0.023080658950420673,A,0.8363700292574102
S0128,-0.5662977296027719,-0.7542758500193579,1.114321694668872,1.3183023248526693,1.798725018351312,-0.014270352949388505,1.4980976334877842,0.624903594654043,A,-0.7989348536567993
S0129,0.09965136508764122,-0.06413834659299254,0.7153813154412441,0.07268052432934134,-0.7352010347632466,0.14959795751878804,-0.816154989028044,0.1934485749917961,A,-1.786603072697699
S0130,-0.5034756541161992,0.3287624103034804,0.7181857257079345,-0.4114931445621802,1.6562082520572956,0.09782717470792267,-1.455054605090552,1.3098651694335341,A,0.546599758589076
S0131,-1.5506634310661327,0.32135721545027307,0.4384757388097273,-0.08923415422144892,-0.2430611988808665,0.4360057752225798,0.3019609001717647,-0.07434532975852426,C,1.6287680875747823
S0132,0.06856297480602733,0.42192075423528475,0.019616657693989903,-0.03757064497948127,0.0022879361435040493,0.8438395096417373,-0.547407522766873,-0.18455144218594516,C,-0.8557350802680281
S0133,-1.0623037137261049,1.613711269058647,0.6728612359668199,-1.7312013034449254,1.0703651602299298,0.392634115650968,1.8686032191630024,0.5923295470133433,C,-1.5698709089001601
S0134,0.4735924306351816,0.45353430151397983,0.591814133741378,1.494938227453236,1.2718924219386565,0.45358552350921844,0.0348075404998322,0.09931381495134962,C,0.45491475108002216
S0135,-0.9194242342338032,-0.24415663529064868,-0.3540407109410238,0.041325632270618466,-0.1108125602790875,-1.5822231667464777,-0.8021994080351792,-0.390408738280471,B,-0.9231741954719951
S0136,1.5499344050175394,0.9640871682883573,-0.573601772896901,0.4430021304473752,-0.3882430535215389,0.05022769916568044,-1.1471595110117114,0.5161440395863797,A,0.5366465784709282
S0137,-0.7832532923362371,1.1894704889246406,0.1018562952619867,0.9515497705740428,-0.05592044852221312,0.4795075480016086,1.0899049590908303,-0.6525282932166452,C,1.1514795942038418
S0138,-0.3220615162056756,-1.2276078151369925,1.5490201514951873,-1.0211624575603002,0.3379575282321183,0.7289411945704503,-0.5711839740841865,-0.6111771520193271,A,0.3306174956029355
S0139,0.8135172173696698,0.597400069849858,-1.2391070756539009,0.47347189903522846,0.8913036868697555,-0.6923507742337942,0.04382879946042826,-0.5279940217656136,B,0.809768308345471
S0140,-1.2308643164339552,0.7011727423108983,-1.46752526575244,-0.26764109089879357,0.004229858994151577,-0.659039274888645,0.9558027451124809,1.3530691601664073,A,0.8166121536347003
S0141,0.22745993460412942,-0.29756350335999193,0.16476084123651674,0.8467707752164937,0.6188862980231536,-0.5741006752835983,-0.4842583519308302,-3.2210163559857135,A,0.9899467121786301
S0142,1.307142754282428,1.3757068133116195,0.05088770185601806,-2.1272274203514954,1.638359732270941,0.5364138998913434,-0.04592882874016064,0.39559883476294233,C,0.0452107675574809
S0143,-1.6074832345612275,-0.15005558703252672,0.1733416643704082,-0.099094300241269,0.38130961226478466,1.0338810549242086,-0.016568409822520076,0.034271814200222225,C,0.7790764273936542
S0144,0.1846338585323042,0.12557645347154225,0.24395319790850026,-0.6028206557839616,0.3116528560047783,-0.4074601072916016,0.6833245115160919,-1.6808704592381203,B,0.16440174615631162
S0145,0.25988279424842353,-0.1730718242838696,-0.22320225463480511,0.4322629506341555,-1.5189108250900678,0.9079623136270489,0.5907443355103258,0.3097267791360022,A,0.3913201719352258
S0146,0.7818228717773104,0.015579047581467534,1.4898634386020821,0.47004418736820214,-2.6307301368290634,0.12347980916459421,-0.22011373125482853,0.475751991831532,C,3.0517113199186254
S0147,-1.236950710878082,-1.0962750868952018,-1.6009039784765156,-0.7076258948220261,0.38837572923016833,-0.12428577716243629,0.06364906149651771,0.5896392313574,C,0.2416005235856662
S0148,-1.3204566130842763,-1.4400508825942944,-0.828497024780246,-0.7121738641760436,-0.09482423128087224,-0.21138422981796898,-0.3717790115234884,-2.651828063044949,C,-1.4977599328033662
S0149,0.5219415656168976,1.5945050632249722,-0.10325476014904739,-0.11066536855732945,-0.514782674914742,0.7466113646021572,-1.4776124069194447,1.3663894118544384,B,-0.1974191775176412
S0150,0.29698467323318606,-0.8469613483183278,-1.6431888111541673,-0.8966422273152082,0.24353020418634463,0.3255778167870701,0.2576008573981294,-0.7377367046848409,A,-0.31052575564227347
S0151,0.25049285034587654,-0.9913923494563072,-0.17585440443207118,0.8419836954521269,-0.06040372919690829,2.2758254276476375,1.8921917608330678,0.6865677467531761,C,-0.26479360175461414
S0152,0.3464482094969757,-2.153390113603715,1.6614701657280182,-0.36920720044744615,1.1277802506338985,-0.8522246429973241,-0.8837191406910628,0.741073780682286,A,0.9534424262529655
S0153,-0.6800247215784908,-0.6389617476895022,0.020886488295961788,-2.9069882193216414,0.0861108682589779,0.5181017020299757,-0.773029709602703,-0.8766970856192929,B,1.1305913976640294
S0154,0.23225369716100355,-1.3230897934074983,0.23070090571868349,-0.3748220566218061,-0.7469232850701676,-0.5292010098115129,-0.8707277716437414,0.6604599523515503,A,-0.10563524269739709
S0155,0.29307247329868125,1.642015160136369,-1.2601647651725802,-1.0385438208439723,0.990166238959289,-0.8692869869886438,0.7245917787231225,-0.3854932409123582,C,-1.3918743485189218
S0156,-0.7143514180263678,1.0098170893426341,-0.6163614080394775,-1.6312758154609455,-0.21713107494620248,-0.010867137034972144,0.4484854541964401,-2.0713771793381572,A,0.0990955751831076
S0157,1.8657745111447566,-0.6881503451777238,-0.375196380323937,-1.2374266382225725,0.5265366836723071,0.13735247940703602,-0.1585376924164567,1.167741925527779,A,-0.5433887420956671
S0158,0.4738329209117875,2.2524358053443088,-0.31771509675623405,0.10940847183297006,-0.47741070619280046,2.9181735550600925,-0.918019061638965,-0.7750449630162398,B,0.21040471397131932
S0159,-1.1913034972026486,0.9817654869915943,1.2816437950037687,1.3286408282482312,-0.6498268854974364,-0.18414581568320207,0.0923767916399243,-0.8544934627380543,B,-0.1209618921899113
S0160,0.6565536086338297,-0.32483138350862245,0.5576910607251245,0.31318447386498,0.08416823018569615,-1.1301787294846835,-1.5646221273358043,-0.4030658680367221,A,1.2163576184010862
S0161,-0.9746816702273214,-2.499405714873573,-1.111457956937032,-0.6065033882157397,0.01282864354368512,0.2730107174943857,0.14342656685749322,0.2722367253273881,A,0.2748080464638976
S0162,0.787084603742452,2.2909425725907417,0.24650477843200488,0.4559041951707027,0.479827035366833,-2.0746400375463683,0.8715243860879341,-0.05727041082210227,A,-0.5401916442214952
S0163,1.158595579007404,-1.389572466763596,0.49822174849678513,-0.45909031021899177,-0.26864575330974255,-0.09195678260426586,-1.2511991366336779,0.5480669247071704,B,-1.3855322473838472
S0164,-0.8206823183517105,-1.6453987469568918,1.1401490385212665,-0.6946003691631446,-1.8363597837703973,0.016025282295160426,-1.5325182768296637,-1.339489366528659,B,-0.048014163898390194
S0165,0.9633761292443218,1.0225704320096403,1.5805406865683735,-1.1543626682329844,-0.43277388358838864,0.7946003829452114,1.5794378916948595,-0.7423863704307346,A,-0.0444373539462197
S0166,0.4127809269364983,2.439752406339273,-1.0150941918278686,-1.7518288067517191,0.7938184671438157,0.9736222494278469,-0.6117596395045849,-0.11599707232153356,B,-0.26246074870366565
S0167,0.82206015999449,1.3842728185105182,-0.8108575112103382,-0.3899237065594453,-0.29737607924310644,-0.5035696189077175,1.135947845943822,1.8978872926587056,C,0.7753237514035657
S0168,1.8967929826539474,0.5639091200523596,-1.2575778589146163,0.15805348992013185,-0.24638340251454802,-0.150614014629933,-0.1539976651978317,-0.11381253841375806,B,-1.3827784910375778
S0169,-0.2453881160028705,0.594754341665286,-0.23401985910698136,-0.09662367001488972,0.9863765059059371,-0.7661208306106709,-0.16195481694132746,1.0852222636616315,B,-0.7625440635395795
S0170,-0.7537361643574896,0.8534155587803077,0.4663583744463345,-0.4159669279473586,-0.7119732272589228,-1.128062554807694,0.43841269949664524,0.03855516878431771,B,0.05291759948613458
S0171,-0.8895144296255233,0.7589285897867651,0.9873345165891019,-0.9457460606967811,-1.5428032182428997,0.30989477938063453,-0.8839988567464406,-0.4836586374375685,C,-0.5595082189549743
S0172,-0.8158102849654383,0.2811914239693758,-0.07595102364252276,0.6082461916849685,-0.16063111952549436,-1.2735855485965992,0.13249714349564554,-0.24672442411444054,C,-0.35670923817641353
S0173,-0.0771017094141042,0.10420110395187607,-0.31984752325484395,-1.317131919946585,-0.484173951248737,-0.41462690057186313,-0.38148941482409277,-0.16841971202888115,C,-0.06025136786417357
S0174,0.3411519748166439,-0.06259312789952241,0.15175799224874037,0.7760279138434754,-0.966246319753254,-0.9951739598992374,-1.3204934434050315,0.6036457389607386,A,0.6859649334136272
S0175,0.27669079933001905,-0.7539645888666763,-0.835142901630023,-1.0022170189267248,-0.17537845589869072,0.5496831862902597,0.3374820747263991,1.3746112675765545,A,-0.10057365354972804
S0176,0.8271832490360238,-0.28067507686677406,2.0895387216947734,-0.752435237353035,0.49150564724678364,1.801430099266488,-0.26330780687791616,0.3596808476863211,C,-1.969684456351816
S0177,0.01300189187790702,-1.6929568141953855,-1.6076610271180587,-1.466785190615677,-0.009288561567815747,-1.3015879828033312,-0.1570248284447078,1.1870776787417554,A,-0.6027970090177134
S0178,1.4535340771573169,-0.09833962679474989,0.18474057889572446,-0.5014021468856367,0.30698107268623775,-1.853018482897569,-1.2101609434141578,-0.9647897376296856,A,0.49578427530007935
S0179,-0.2646568332379561,-0.9885911071509175,2.0236062192296393,0.9753124584779789,1.813407698515423,-0.1248868853500674,1.5914003677628041,-0.4146305088140306,A,0.7626736387665549
S0180,2.720169166589619,-1.103589317215771,0.006799844559997769,0.5156280884439565,-0.3428788615575641,0.01569779595775838,0.8767141863861161,-0.7243025342076668,C,0.8178578781761044
S0181,0.6256673477650062,0.17989415115347845,-0.19003903500149447,0.9784221120280351,0.2783486346446696,0.21865930675729772,0.9641558841719786,0.31444459087485255,B,1.1011776699620626
S0182,-0.8571575564162826,1.3920022863445993,-0.3574454228104272,0.5221425459339358,-0.5092133625991345,-0.4463205152343449,-0.305444702441682,-0.35895838517941375,C,0.11843727708998884
S0183,-1.0708924980611123,0.918316606002313,-0.18039168176240783,-1.1036698285303692,-0.8463597198869729,-0.20063929882543183,-1.7291828895034203,0.7297729370341954,C,0.26316498086964685
S0184,0.4824724152431853,-1.570500603623177,1.3728484746765302,-0.33078922432755736,-0.5849076534177698,0.3675104105406022,1.9529173824895107,-0.9310017116324415,A,-1.013908546259582
S0185,-0.2234627853258509,-0.9896281365703375,-2.211861911329507,-0.7801991291174627,-0.47875857152168855,1.040430892644839,-0.061097508005868134,0.04303097332128144,A,-2.1745753127845444
S0186,0.714000494092092,0.9407711879882159,1.5334337012963255,1.3305749040390402,0.35947579754712555,-1.9550487703182828,-0.7487997960200538,0.6868579110122561,B,-1.4175825835778983
S0187,0.47323762457354485,-0.9824873935383096,-1.423957152450145,-1.1967886464263116,2.3490757867007575,-0.3689394390314622,0.4168015744831139,-2.0653027750406103,B,-0.7018375516904384
S0188,-0.07282891265687277,-0.2246331499970246,-0.2666523292344148,0.8936976893891109,-0.7160434362758403,0.2138087939410634,1.1671207880032974,2.1216313073302033,B,-1.3597045513308106
S0189,-0.846793718068405,0.5500520990245519,-0.42924442029866183,0.8929538701087693,-0.4166253056154625,-0.917976104610736,-0.023050556085466193,-0.2831518848798757,B,-0.2929269400601429
S0190,-1.5148472246858646,-0.9683444548636353,0.5885532697707198,1.8296202017160872,-0.06312301311124825,1.7311696317672995,1.2785751679393744,-2.025039913676173,C,-0.46208826064125613
S0191,-0.4465149520670211,0.1053755061459599,-1.5981243518837476,-0.40968659262949736,0.3957988487097471,-0.635409880228737,1.0829999385168685,0.15809389857678602,B,0.9378270139020575
S0192,0.8563987943234723,-1.3340254949182044,0.46217266608194285,0.7123221595801621,0.26355081195478497,-0.041292687007282836,-1.0763811874020583,0.03344346797315094,C,-0.9691364877878681
S0193,0.21409374413020396,-0.6013676439512137,2.0243096232868525,2.2816518365388427,1.2840957939481172,0.5560220968422908,-0.6737901056594764,-0.081894379572493,A,0.14058191718395388
S0194,-1.245738778711988,0.31978193414253697,-1.3631740045928105,-0.6176416769336966,-2.4263920705352082,-0.5912847888018945,0.9575371632797675,0.9911911129266663,B,-0.4197676934168404
S0195,0.173180925851182,-1.5929937335316693,0.18970616761039566,-1.5350402475323597,-2.3869298701956727,-1.8465730478044171,-2.712612563810438,0.7474449714270559,A,-1.0065785663268685
S0196,0.3853173797288368,0.440474737960399,-0.6619821777966091,-1.8800100339077637,-0.4958781720101493,-0.4286545269165333,-0.14945569316498877,0.29787619102384516,A,-0.727711453968096
S0197,-0.883857436201133,-0.019637798926681216,0.42588720619303577,0.7127120288613313,1.0973001875437087,1.0294405559270405,-1.4308312016246718,0.45015563394664765,C,-2.051259705080245
S0198,0.1537251059455279,0.5524899544171478,0.01914777741575206,-1.8831502080585838,-1.5656480316055963,-0.33689512678513855,-0.47655380143352466,-0.10435844943808653,B,0.7483468268936336
S0199,0.058208718445999896,0.22391413406466143,-0.6414869090443096,-0.37231905293792283,-3.007632339693757,-0.8464343014589786,-0.29882008902920415,1.7754908492400483,C,1.4022612537480246
S0200,-1.142970297830623,1.3641404299738442,0.487872284871074,0.4373131870389607,0.5711794062192087,0.9256722095027217,-0.35824437790750796,-1.4791960183577666,A,-0.26746611704111733
S0201,0.3577873603482833,0.12522450264790727,1.804348109786743,0.18517553682991406,0.24365722370271442,-0.3307748960230527,-0.5522612521126086,0.13965167421589658,B,0.029062087394311206
S0202,0.5607845263682344,-0.429405541125253,-0.19090379172729868,0.42544486418417227,-1.0902084067994298,-0.5101608136502173,-1.097143649628814,0.06502463118878012,A,-0.29585784040585905
S0203,1.083051243175277,0.12229750303228377,0.7197579421481819,0.22228985580085406,-0.9855396007209299,0.14945608966330953,2.291911266818686,0.813280406064593,A,-0.8200912815300638
S0204,1.053802052034903,0.5432980290363879,-1.2932729578711637,1.2788658133133932,-0.9697437196346744,0.7707502096187874,1.8674620041613508,-0.8438538774248993,B,0.7049028602108764
S0205,-1.377669367957091,0.04886007032570433,-0.9564363768180087,-0.952316380738797,0.11053531747394013,2.381713531732546,-1.162065820256283,-1.743672602396536,B,0.31906832515161476
S0206,-0.9378250399151228,0.04059169120388238,0.47240627788037737,-0.6769951384585313,-0.626315276183007,0.8272361076574231,1.5821167513035672,0.15682301609819319,B,-2.912134379379116
S0207,0.5150352672086598,-0.7019916878067554,1.484116028535965,-0.772659445270824,0.49406391897551966,1.1598399663883443,-0.3994654904728529,0.28123049221860413,C,-1.0346107474091157
S0208,0.5137859509122088,-0.6629009175509482,0.35561334878566,0.8301918118626102,-2.854626662904391,-0.5059661989878553,0.12918747333171046,1.489599409447649,C,-2.053061249564026
S0209,0.5150476863060479,-1.4026052717996935,-0.31305803052315434,0.9003985883950636,-0.8568518651277993,-1.0258681059694763,-0.06327395989691587,-1.2703620463250862,A,1.5554143453885827
S0210,3.852731490654721,1.7495767431869393,-0.0007085945766459172,0.4512253193185082,-1.1260539609110503,0.06233134961912296,-0.6597486412539658,1.15469376671672,B,-0.17182877244573935
S0211,0.570890510693167,-1.243863235391285,-1.2504077339697175,1.1834936668899279,-0.2563406783724922,0.10716991525959621,0.9838523436061467,2.3674143640271215,A,0.24070156169627935
S0212,1.135565640180599,-0.6929051977959073,0.6045153263553668,-1.1780408673763807,-0.5380477584901385,-1.0785127413645972,0.1258865305766578,-0.3777648875224771,A,-0.35329513508022375
S0213,0.9540017634932023,-0.7184072655691974,0.8823330623234091,1.667224111551137,0.7978437798957666,-0.17529452990401284,-0.4765514232192414,-1.290942219493224,A,1.1026967262900866
S0214,0.651391251305798,0.8949243769444413,-0.45209033283308037,1.5232386217122582,-1.8593367716600575,0.3993176017191309,-1.3045894438004726,-0.40697436637337114,A,0.860705172594434
S0215,-0.3152692446403456,-0.2949496782920278,-0.4700421477595015,0.7356219972457467,0.045491476330752,0.36039339501808015,-0.8935950137191204,0.014004967371380734,A,-0.21547918302051558
S0216,0.7589692204932674,1.2477420726737338,0.2658782296520485,1.78179890877106,0.5583364232117055,0.5042878533842724,-1.6413801156020968,0.5637878750069146,B,1.7179930556752252
S0217,-0.7728252145375718,-0.6734906242438685,-0.4367197360405955,-1.6566232076777738,1.8566474365619547,0.29096473013744295,0.012223548415169466,-0.5913947298380474,C,0.18531814223287382
S0218,-0.23681860674000887,0.27899416222380197,-0.06613261462582246,-0.5244481362626519,-0.4817659710934752,-0.5070086592700558,-1.1966655922843958,1.555198534147342,B,-1.4601250751388217
S0219,-0.48536354782910346,-0.8353470532597573,2.0997217891665154,-0.7353034606819523,0.32445860435251705,-0.5139006266488432,-0.26556051251854124,-1.1145323150080617,B,0.10001873751356005
S0220,0.08187413938632256,2.1451491277733883,-0.24702570074599667,0.7214793237573432,-1.803862792562365,-1.198951397993876,1.3701018536103708,-1.7392051521728,B,0.5174406577262857
S0221,2.3146585666735087,-1.1875984190295128,-0.3583401520212222,-1.0501407396021456,-2.391956204313024,1.784775039185095,1.1992995729215856,1.1067104242873174,C,-0.1332247525482743
S0222,-1.867265192591748,0.3098207102270275,-0.6475418056351592,0.7574951493374855,0.8447743757816999,0.013450364619293007,-0.03227689410261781,-2.2746210312061996,C,-0.41148304524296236
S0223,0.6862601903745135,0.6337768809320985,0.7441919714999368,1.3705361439967134,-0.005560293648070566,-0.22485305579485193,-0.08708472614314992,-0.20412976887271617,C,1.7643613162299692
S0224,-1.6127158711896517,0.41379909745149823,-0.181224173218103,0.6952029000839993,1.1785126897984228,-0.9287920814524587,1.879874549421008,3.1176811292080475,B,-1.1858624587153284
S0225,-0.47193186578943347,-0.1852876588777083,-0.649373038321426,0.2837510236615011,-1.3734028889697492,2.9356579023277782,0.5207561203587112,-0.0120435529599315,C,-2.76371382510995
S0226,1.088950596967366,-0.12982069973342616,1.321304032273012,-0.9878733409007492,0.5199021395287525,-1.0733280322228955,-0.3278064598765229,-1.1207676506962496,A,1.6190540309298447
S0227,0.06428001909546277,0.0438114719791096,1.4196030045136372,-0.8468509661253646,1.8688178405438531,-0.4288479256060734,-1.426018117120452,-0.057397463786793744,C,-1.2260473960896476
S0228,-1.0777447779293061,-0.14700200162848862,-0.6004235657387051,1.2496189052966666,0.4197056083572659,0.4158368362860605,0.39387321816474324,-0.05080078861953355,B,-0.2866180384982139
S0229,-0.7153037092599682,0.9638791167949097,-1.8665399513606162,0.7793490039053323,0.27658150559104877,0.6002129657442777,0.8293237725828624,0.16064994035311653,B,-0.37743215506224964
S0230,0.6795977489346758,2.2105230015913513,1.0075136898369221,-0.03901951937754412,0.008556080824349832,0.957932055215684,-0.6316515245136439,0.6622629821596197,A,1.2317484906985203
S0231,-0.7303666317171367,-0.5574917850078336,-0.684629825760004,-0.41790954576589057,-1.5708814571259122,1.8076085077692632,0.2912027551380325,-1.0391111683677392,C,1.4348563796268679
S0232,0.21645858958197486,-1.3698029795790778,0.7906255991627686,-2.025807873111377,1.355572935710348,0.5061576554607123,-0.3635732949150291,1.6875480552367936,C,-1.2923754541051926
S0233,0.045571839903813784,-0.08828204835125482,-1.9701038177118355,-1.0708524186844388,-0.6108576398050658,-1.0560307999666676,-0.18403239919900272,0.24511428437261784,A,1.3569096281854005
S0234,-0.6516003476058171,2.5797093376543185,0.8925973382993092,1.9114190871397234,0.5044832563830169,-0.2569451251217815,-2.4878220575623313,0.7267940464018038,B,1.3384103162161816
S0235,2.1439440893253257,-0.8036745679697308,-1.2111719292807812,-1.2804555710024668,-1.5630343065712535,0.30783237251388496,-0.2217814037161355,-0.6281493997556425,B,0.019354940924970265
S0236,0.6339190223180112,1.6391168054440675,0.7307641190665245,0.18947982122108065,-1.1794596645077804,2.068226041505824,0.9693693024080543,1.2863821369955335,C,0.9325425553198583
S0237,-2.025142586657607,1.6777008140764407,0.014273067836434106,1.0074439731951985,1.4350873992222355,-1.397805478424297,-0.6314025555665582,-0.2570524088130647,C,1.032829953944756
S0238,0.18645431476942764,-0.5535882417079946,-0.9539394193966448,-1.2549226680022925,-0.34730228895784293,1.2025765052252275,0.05252636821531626,0.2775525134935317,C,-0.2524278512258994
S0239,-0.661786464768388,0.5689830791852754,-0.4070363129267805,0.1847104747810833,1.4532754760425446,0.1799143695464168,-0.7559507066919204,-0.9331060771871093,C,-0.15756655755032156
S0240,0.852433334796224,1.628396623128538,0.6863184569567008,0.937915537510655,-0.07823065905851781,0.8378305352294807,0.3604416762927729,-0.9969316264021268,C,0.5893280470744221
S0241,-0.7925207384327007,-0.3791277409874871,0.10589445311523424,0.012499321907250335,-1.8418977729578574,-0.10199471663593199,-0.2165231975361736,0.6882053064528827,B,-1.628524966635811
S0242,-0.11473644146689901,-0.20358036010236177,0.5844129804724842,2.8684030556667683,0.8920675997317206,-0.8424326301263264,-0.9392415406820068,-0.44360683020738595,B,-0.35380666651458875
S0243,0.5049872789804571,-0.5816809139486437,1.9764405845154855,-1.6685992588781953,-0.5898923177556078,0.750872779401332,1.3325514676651278,-0.8538230875043771,B,-1.2003587463033485
S0244,0.8657551941701215,-1.0147567306928669,-1.5642416117110514,1.0587285298838789,0.6986888135170435,0.6544310271056212,0.9289320135322151,-0.6431833420270304,B,1.4235782029990198
S0245,-1.2002964070557762,-0.6492775450660071,1.617212574968624,-0.17280173739646437,0.025210867540082116,0.9720569657397219,-0.6049067639281748,0.6989530717174212,A,-0.3655826245023269
S0246,-0.3345012358409484,-1.2239402667622565,0.10435593752321293,0.7719201548366751,-1.5431182279428703,-0.01330463537863531,0.4977883094177774,-0.6290378612036109,B,0.2763737230933523
S0247,-0.4749453111609562,0.03408346825922607,-0.8987840483231282,0.44130715169924584,0.16429476537056906,-0.5998220233198494,0.5374120028203807,-0.11765493160216407,A,-0.21841193597251027
S0248,-0.6533292325737119,-0.7699732310586418,-1.3303136257389898,-0.7331561971099966,2.196223142152799,-1.5587869950238415,0.642301235011176,0.015027750287097009,B,-0.2834840854582331
S0249,1.7654542402810969,0.2337859117907477,-0.1891203907770335,0.22899639245934025,0.4929864585144592,0.8193732681394064,-1.6942558959950778,-1.917348886010299,C,0.21096628758662087
S0250,0.40498171096095553,-1.5558956462036273,0.9216501119244593,-1.8579014513982872,-0.05751775300546313,0.42388948244398605,1.006606541032628,-1.471126405373518,C,-0.7306436648021343
S0251,-1.2608839543350452,0.33088023221445706,-0.12754912037753421,0.6032475005713938,1.0753434019568977,-0.9657826328639593,-0.5696989629257314,0.3362778892475625,C,-0.19848235146757265
S0252,0.9178619470547761,0.8335289616089246,1.5111549302473475,0.29815846599052565,0.2106684652031108,-0.5385736732966242,-0.3578279334412669,-0.7370293611526971,A,-0.20584299723508792
S0253,2.1221561970126332,-1.9937356425714554,-1.4511756900515589,0.6386601686431024,0.20953423026279433,-0.46675881195144053,2.6378817522602,1.0567249112804185,B,-0.4232152998682912
S0254,1.0324652605511468,0.37405656984757213,-0.01208894784605456,1.0581183250871502,-1.0916251721591026,-1.4829844319824181,0.3018733807210118,0.9668071042505444,B,0.39105690774524765
S0255,-1.5193699659540134,1.2276689924732922,-1.252393444413119,0.3676198402097109,0.23384802578959837,-0.8176823966051338,-0.3863224754471755,0.7191686663554372,A,-0.44699593201448135
S0256,-0.48423407286625136,-1.2096410186912054,0.3636318826249679,0.1480894197982762,1.0354434164169448,-1.1338303568063541,-2.205294372755906,1.8197717873125976,A,1.6111149824119573
S0257,1.2669111491866227,1.6725723868377034,0.8868873900973003,-0.8810683366612923,-0.8360621521000247,-0.4124790118879367,1.3897641339463556,-0.08308932774318312,A,0.6289641080405277
S0258,-0.7076694656187807,0.4190190093660452,-0.42076179368105326,-0.712220763649051,1.4244958212469476,-0.7386974983295628,-1.3452096708086025,0.6488819259038391,A,-1.3493100547414034
S0259,0.44381942814622843,-0.7050118557584089,-2.6042138566271342,1.186734620177331,-0.09170602414512598,-1.6270049208667487,-1.0034389034995035,-0.5844009765960311,A,0.5508779440386216
S0260,0.7746340534293368,-0.05576907765770601,0.19894814679649453,1.4363354057059785,-0.8877695115385407,2.0225902305694814,-0.3313522990878492,2.4523699128687237,C,-0.6894796975078973
S0261,-0.926930471578083,0.5583269125217224,0.4367385517335095,-0.23811043631205406,0.9976320769202445,1.2525407310292307,1.4164117917002925,1.9836336524360194,B,0.13569017540545353
S0262,-0.05952535606180008,0.0760053914124115,0.40429475496169764,0.04600274725327412,-0.2867942357382693,-0.7790194215199856,0.7732399866657592,0.01188043451779194,A,-0.7311954406273489
S0263,-3.2412673400690726,0.5387559924463692,1.235782191822154,-0.9046143749937661,0.7595148874861078,0.27242139665360987,-0.15783750984025996,0.3865862299051922,C,-2.1944038873761773
S0264,-1.0243876413342898,-0.9206735930793662,-1.0710536796490489,1.1727568452674448,-0.29175863225853715,0.417465089821295,0.308292063638821,1.3592975993648058,A,-0.021733492928393876
S0265,-0.2525681513931603,0.169360824036078,0.6802161054504494,0.6654168236917787,-0.059826143529903696,1.1910858547734768,-0.6003856928711058,-0.14713950481410695,C,-1.4344157588479596
S0266,-1.2477831819648495,-1.4137144969049802,1.192507512477975,1.9412174364637491,0.4935602043342916,-0.8186050266600786,0.13965368956535082,-0.6566240707997048,A,0.4197153887313245
S0267,1.6324113039316352,-0.11122606134870032,-1.7785875840065168,-0.8783230771797389,0.2908970575900059,1.092106783982426,0.07333674477813668,0.8739897510068825,B,0.17478482580652052
S0268,-1.4301413779606327,-0.9039076414647897,0.31965182591897723,-0.3780078990182172,-1.9955317804517385,-0.5479053042069351,0.9687698956813533,0.07843924608367009,A,-0.6038845439405806
S0269,-0.44004448669698376,-0.7355299425897666,-0.5041798310076715,0.2314459225255723,-1.1212437400943918,-1.3358624041686133,0.9671781224389495,0.1829944496452604,A,1.825537038023988
S0270,0.13074057728609134,1.2360931752104374,-0.08152267310164589,0.6464895377257707,0.9294099847908155,0.7241365593144973,0.4939773822056448,-0.8342713430679655,B,-1.2392874673043803
S0271,1.4412732890661155,1.091310120594269,0.34767648353833636,-0.21566763754763232,-0.13213658890154725,1.2907584241224281,-0.36234755754610226,-1.7176721483633963,B,-0.6243376512561662
S0272,-1.4358621511794394,0.609138120907177,-0.4872285641135523,-0.8729610904537004,-0.5237313027714218,2.5879089735306846,0.7418222943901266,0.23614240987910107,A,-1.120691582383748
S0273,1.1631637521549596,-1.092312764672579,-0.6757080791616118,0.8814075289235711,-1.3585740152574743,-1.1997252650902135,-0.0919684662030466,0.9049620414941998,B,2.0413160322592208
S0274,0.010233061019587049,-0.3164084496948019,0.0341524174880246,0.7211353625455816,-1.0797363212758484,0.6989196850807888,-1.081914368713133,-0.22580674907604184,B,1.3522441416460782
S0275,-0.9815086510479509,1.2130976999791834,-1.0872459388628026,-0.9162741005637249,-2.0217986399619474,-0.40980124379353305,-0.40328779191093866,1.4364295195588668,C,-1.422121864330431
S0276,0.46210347426327075,0.14171691363990474,-1.0858251288851855,1.3554428011054958,-0.10128071870153288,0.7833587105240313,0.08452698378432454,-0.7039163254155445,B,-0.8255810416535906
S0277,0.19905969557347003,2.319329539981694,0.6793732829565033,1.1701987091966037,-0.5984375805810469,-1.4704895512312506,0.9102157836647453,-1.05470445496592,B,-0.791658658455098
S0278,-0.6002168771587947,0.39331783939437187,-1.148794035158656,0.13429649724779288,-0.9665878909853152,-1.262769775698564,-0.18352817215715306,-0.06723030719613125,A,-0.5507270177628557
S0279,0.06980208499001891,0.1920491164900316,0.6663125009092119,0.07959786237603639,-0.0681234251679531,-0.7758748231664838,-1.209198711239606,-0.08259257535129046,A,-1.0427806538333146
S0280,-0.3853135968617602,-0.3091164642025014,0.4625912928539512,0.5540577711159071,0.3639706308527381,0.07896404566808451,0.05674168329681941,0.7699687313352226,C,-0.6057510370112883
S0281,0.11351734525124804,0.1335409047822823,-1.7258067287905967,-0.8617030702562581,2.0931979322099448,-0.6410812665383554,0.11345604005655238,-0.7749628240639848,A,1.0048722690599978
S0282,0.6621306745210467,-0.1524698363805439,-0.6775646523356551,0.03003147916408217,-1.5118834195632136,0.6590543439134197,0.18583762890275304,1.368094236814898,B,1.9469123360789875
S0283,1.586016816145352,0.7081086766885905,1.1941094030473725,-2.1523835446091804,1.159381043300522,1.0268946182579144,0.9198715159544302,1.9669169625082537,B,-1.5443981788774233
S0284,-1.237815498826849,0.9567023167945841,-0.9811655311396816,0.8764556455029355,0.973101561015072,0.5995775412453558,1.0189232400898984,-0.03914402696834188,B,-1.0411071232672129
S0285,2.1330333746562666,-0.7859894605079495,-0.46440426230938764,-1.5614932224418594,-0.7790927393767005,1.618787639660868,-0.5942108723816666,1.2497104201843185,A,0.21355944438023328
S0286,-1.9520877995225019,-1.331232953557778,0.4620608932518965,1.503419828428999,0.20323595458603103,0.415826629455343,-0.6161434580489434,-1.05649707062526,B,-1.5803056396160509
S0287,-0.15178509503558332,-1.8362053731032966,0.7833905092825955,-0.3301200939664503,-0.45763324933761523,-1.216896710340167,-1.0401987109554731,1.075221541181916,B,0.23943202139122532
S0288,0.5883172064845765,0.5079913269125437,-0.2515388860444957,-0.2116669819311769,0.18568858041873892,1.3633765135383398,0.6988156702804763,1.0472764085594626,C,0.540102787129729
S0289,0.28099186773503265,-1.1033666061738736,-0.5975101946916416,-0.6277339060845056,1.5091310134045506,-0.6051562356059974,1.4488201083377155,0.8634372801898786,C,0.7006525500269745
S0290,-0.6226995198205938,-2.152890592952483,1.4223698616985077,-0.2880388739220764,0.605606232631313,0.91041849968557,-0.3150819279089234,-0.015563088870293978,C,0.5121445264962363
S0291,-0.20812225035727522,0.3885786045309641,1.7388996637975789,1.4185313451480366,0.508608373233442,1.5737342165551063,-0.2414305647249931,-2.954248941242031,A,-0.5352485471564018
S0292,-0.4930009346588328,2.4929995174327906,0.9788580507817954,-2.4878086565350794,-0.4303093199546424,0.45668801073039916,1.466782556898976,-0.6417271436521294,B,-0.1816695614667046
S0293,-0.5893647569442115,-0.006070911539893324,0.08531814256502405,1.2769653860881878,-1.4840566649243352,-1.4961588131646497,0.5055578532150077,-0.625916017684602,B,-1.1795275861432954
S0294,0.8496020970210246,0.8384907744516419,-0.8082657216409264,0.33802348110170816,-0.2084682105404079,-0.9182121665097915,0.43623570480105506,-0.9782549380604774,B,0.46433865463762597
S0295,0.35701548596504734,0.08182935854756501,-0.8304444065565653,-1.2070216478572156,1.2066081548639151,1.3227444668851356,-1.1909165059737268,0.12224300454706621,C,1.6033602671351217
S0296,-0.6929095952606542,-0.09888965319114267,0.5225141052657575,-1.0753123930492379,-1.5271678565896476,-0.16912268564281638,0.678728069279419,-0.41896344552123466,B,0.4622008990673889
S0297,0.8995998754332507,0.9190764829877686,0.4183982208886837,1.676393027208203,-1.055089368176695,0.07957353494216583,-0.9291363405097582,-0.8246120097650219,B,-0.6950007358270536
S0298,0.30729952087660933,-0.29027454418865134,1.4015985929464294,-0.9455068799427312,0.12626773623406817,0.7588244161636093,-1.1340201859349581,-1.0588001482478198,B,0.9947918526992257
S0299,0.8128621188389601,0.26739231407190295,0.6504500925361392,-1.1533505105959594,-0.9846547848472624,0.6963228620803235,-0.34677157676671216,-0.7155129854852287,B,2.365646694778936
S0300,0.6296288419236122,0.3216978061960136,-1.503080301759818,1.1373145423647293,-0.7925234471152126,0.2787998123854607,-0.5857927234486902,1.1214992118499283,B,0.24314977161361484
S0301,-0.8289950109220723,-0.6680904536430488,1.0519476177229186,0.33855287628591424,-0.4235985817281771,-0.20866837122046583,-0.22159969438503932,-0.6610250546274942,A,0.5544728438546679
S0302,-0.5601810401969696,0.9920423495365228,-0.9980606273144129,-0.9379255765363989,-1.3656174041901494,-0.3126684457323573,-1.4409816345249187,-0.5149387064332724,B,0.6777010940660436
S0303,0.7472936051232618,-0.17495975669540864,-0.3839712719523516,0.216624975404619,-0.9741218462163683,0.857898825291343,0.9588163064676725,-0.45669761502324635,A,-1.6044572658517375
S0304,0.6103702654334648,-0.7557451594928447,0.2502002062516945,-1.0257526836402773,0.7034279167873088,0.5535695310677933,1.127686294516429,0.33899351380941967,B,-0.41112217268528495
S0305,-0.020901593964148132,0.5365098435704035,1.9956674897839644,1.1008213984226052,-1.307369782230964,-0.2573000006177896,-1.9473424741408143,0.4562494885285328,A,-0.5138664215304726
S0306,0.117327383308782,-0.8984679817910373,3.109918556005361,1.0613709648731335,-1.5978721344948377,1.0821123129931407,0.9784578056665502,-3.044656539243162,B,0.8348666488959479
S0307,1.277664895788425,0.028181157369128247,0.6067230591361827,0.5320061988219431,-0.6300249795338944,-0.12903411512978377,-0.8105286298216263,1.0216352138276081,B,0.7183693078940818
S0308,-0.5915713888358299,-0.009118996644203544,-0.18319661872038787,0.3616610612470166,0.7319555025098458,-0.8516621743343933,0.8569755369827861,1.436368034243754,B,-0.12073674273294784
S0309,0.5470973811700379,1.085895565831578,0.5345056484805503,1.7611881248673737,-0.19692180799688955,-0.7589706989033448,-0.06844649266641564,-1.0501865373616694,B,-0.5738780590087155
S0310,-0.20219265243389406,0.4746982328799528,0.8876554258738361,-0.0003136726117747121,-0.46458107811561833,-0.978740836309766,0.028775564080998586,-0.9722982447348347,C,-1.6865959597067834
S0311,-0.2176812032272203,-0.025026958745143917,-0.3206676255571917,-1.1818741254208012,0.04435879751560705,-0.2724100166036872,-0.1850976494212187,-0.45025338777827145,B,-0.015412528608262106
S0312,1.09877685198719,0.8177662992002871,1.7952113559123222,0.44947391283230687,-1.745707432859652,1.233724278336193,1.2121292042334861,-0.7560040194566048,A,-0.9545681147788345
S0313,0.8254163489880298,1.3902075490173134,0.23007075919140207,2.0860470495371137,0.49470565377503245,-0.8050951810305088,-1.2395880125250283,0.22392687394660638,C,-1.0785013395781125
S0314,0.8135096360006385,0.5578103063518622,0.49774308909139425,-1.0147594931858521,0.38343503140364416,0.1884757610181029,0.6078403387350085,-1.9465252863588642,C,0.9262687641225866
S0315,1.305478807154329,0.010352619843380607,0.6659242520544614,-0.36146276669398575,-0.40930847409572124,-0.6566893456274132,1.1013301648895504,-1.1179276080367397,B,0.8219197950467836
S0316,0.02100384163275905,-1.3118362323501596,0.4215866106144557,0.41644603810145264,1.0059245117964166,-0.26030904127143756,0.7163400805404107,1.5391972001749075,A,-0.4885941580995001
S0317,0.6819529712949639,-1.0651136630753726,0.8389405004696122,-0.05390484900573916,-1.1274960989530387,-1.5100412119852522,2.3246989143234176,-0.9282199673480178,A,-1.569044281307634
S0318,-0.31026675659345604,-0.30522470435466764,-0.6172531865469232,-0.9823035803773146,1.127908993253569,-0.2205382291565374,-0.5289467627246989,1.2434282781029249,C,-0.8258115802437064
S0319,0.3241663524884421,-0.6095122021592831,-0.5583017539460305,1.1218578562304709,0.15449366559525113,-0.19370537980496205,0.9573048225935312,0.35533819559013685,A,0.9932539613271925
S0320,-0.13014305436768459,-0.186971302985446,-1.100154232971695,2.3200407220172594,-0.3365525898781734,0.5402879440356954,-0.10609063534142033,-1.809267714588258,B,0.46771861697624134
S0321,0.09699596499271819,0.056649924897107164,0.4395012306202264,0.19613145902390733,-0.01987363536831157,0.22328091325537056,1.2334060763526695,0.6353291952162062,B,-0.47180479742235776
S0322,0.5951570254369136,0.5296927543567308,0.7789365035121141,-0.9040682897360003,-0.10726476581094174,-1.1983921249520453,-0.007688995721369474,-0.11766730219285336,B,0.058753176876907134
S0323,-0.8182206832334725,-0.07049877805909122,0.4577728661518858,-1.548960525053475,1.220282896417717,1.0841982440435427,-0.38787578186246957,-0.4554670562497405,B,-2.07482191795682
S0324,2.0923872756854602,0.4865016438262019,1.6744924333475373,0.2579759812211809,-1.0766791274710135,0.21030304022199536,1.306072203871629,0.24495709317200393,B,-2.1505243870347823
S0325,-1.006017381499702,0.06447441481012024,-0.005596018829046555,1.1038773433162576,-0.7625192391465982,0.19839351717748668,-0.49156193901893,0.47463348556679213,C,1.977126520521058
S0326,-1.2141886127877322,-1.9754665663538713,0.6687416555925126,0.4751677464953816,1.0363028920724797,-0.009182353385138937,-1.4127257589005562,0.7075918219746196,B,0.5065262183396557
S0327,1.1581108735000678,-0.9393353938187543,-1.0917008761393143,-0.002403840918853844,-0.5955349351838592,-0.5177574472222197,-0.5168468831738285,1.1782528475480023,B,0.0016620642592542914
S0328,0.7916626939629359,-0.14408755572161547,-0.387099702474401,-0.5892716517893062,0.9005330773315916,0.2178023397487261,0.6190329465885325,0.40813591277835637,C,-0.39695618400826194
S0329,0.6241198170521551,-1.2096947428411076,0.6955377575657775,-1.0921636327180897,1.6994359830087096,0.4755884359285824,1.3920387515870913,-1.3756340887863618,C,-1.7618339895314747
S0330,0.6283455092642799,0.5999287299962045,0.849102110743144,0.8347513263248821,-0.40179502694163366,-1.746895691345555,0.11112937529651211,-0.47364545765119104,C,0.9932141274860892
S0331,-0.012246772846914623,1.5307508323436974,-0.29396694766418224,0.9137716213855857,0.6813623265753054,-0.5387608373460957,1.3181970672340253,2.9430483352686214,A,-1.1368887631303972
S0332,-0.8972543714858315,1.2187618516973167,-0.07159925185806683,-1.5457297866907331,-1.1536922813398585,-0.2549469704035893,-1.3581749214775936,0.7244910603817276,A,0.7041826453334828
S0333,0.07580455819372633,-0.213442870930208,-1.5178737466808094,1.5898389781806839,0.7547332980678092,0.25617060569427813,-0.4432634648179029,2.369287300811497,B,0.1320007655425615
S0334,-0.6771617115121117,1.490726136849952,-0.3570292008066094,0.5740712208940013,0.1994239859867671,1.193311005927126,-0.28857511715410117,1.3954340821991853,B,-0.05209446412348703
S0335,0.9751197334177512,0.14866745720211155,0.8903831635197862,1.3995946451457935,0.4730382821602152,-0.7717408145967823,-0.11455942747251965,0.24180207155574857,B,-1.3023663190646029
S0336,-0.14705738150213865,-0.33708597111803934,0.5752050161065663,-1.342127748485115,-0.645572072035395,-0.497961846817842,0.08409438825019651,0.3014070697811174,A,-1.2890500046726057
S0337,-0.8254971967925115,-0.6134026635409398,0.5006657213812097,-1.365824155415439,-1.6610834155671725,-0.5125341106465501,0.6909109573921928,-0.03658003987684579,B,0.3899343863125882
S0338,-0.32138584165299344,-0.30246968648812833,0.04977368718096008,-0.14896930976729691,0.5032520647495048,-0.8015275901045416,-0.44480683817049027,-1.7378046158464995,B,0.07921682442001851
S0339,0.41293145427562433,-0.38817681854122876,0.007063158628176452,0.5027844268951942,-2.0634031524794545,-0.34718649511226246,0.1390286869531256,0.01804725246822428,A,0.04716707326337889
S0340,-0.5637245528039747,0.1704162223754877,-0.6603211394734471,1.7963608229269636,-0.3173504922425348,0.7708022199879712,-0.04512289032405165,1.2106745525421971,C,0.2860415925136875
S0341,-0.8222203955664315,0.1605739810498646,0.6988284202025348,0.7060789138151315,0.9411818664199697,-1.0538354953643456,-0.9258899038911499,-0.5996399948212037,A,-1.936743490127042
S0342,0.2436872114919123,0.0030460201534144695,0.4209729443893898,-0.24268127681203333,0.19189773587303607,0.4278143951529032,-0.11366668908143539,0.41195299906180954,B,1.0151438399404868
S0343,0.24496657110872277,0.43693816974634986,0.49201884799279927,-1.0263692076658921,1.9483426447898131,-1.7019022300183355,-0.14365952989711814,0.8515910458931973,A,-0.35589974061435725
S0344,-0.5069431753711298,1.1906462747863413,-0.5260348426675804,1.23000057271915,1.0251091525817735,-0.5613379964422059,-0.1650805650030461,-0.9096804393124754,C,1.169645022120437
S0345,-0.4710383056183228,0.9495541354413237,-2.1533429198712444,-0.9647054257507148,-0.6538983883255765,-0.32948930021798606,0.03175945658145075,-0.4513028643436646,C,-2.0083240047858415
S0346,0.2320499373576363,-1.4848979684499035,1.0971527117536957,1.6284685547723217,0.02731337985143867,1.6748596729140648,0.07567354061338613,-1.0179114904771591,C,0.5690260055274303
S0347,-1.4480843414973241,-2.553921134901955,-0.47883745600840416,-0.28438464960650933,-0.04737070254443595,-0.274802304752688,-0.43229517910733023,-0.8221656066894069,C,0.5595792977942611
S0348,-1.4074637743765552,0.9343199112392737,-0.8627757640431206,1.5905820726178503,-1.5821767633461272,-2.2012434734509183,1.2727147339712648,-1.2876052836530612,C,-1.486132673356657
S0349,-0.718444221252436,-1.366878698415421,0.6934789119139937,0.6789312900592783,-0.9403989164843533,-1.9988889068612499,-1.1694806292030167,-0.9004484613780268,C,-0.6392561176021365
S0350,-0.21344715171184725,-0.22476540189268354,-0.3920126399191296,-0.13699548944245826,-0.5607609069798603,0.03402958634668099,-0.7209701084698963,1.4194556807978391,B,-1.0595063959501991
S0351,0.3109075655980046,-1.1701130260593595,1.0599363840466218,-0.5193963718261266,-2.0362205028559366,0.6137708557899086,2.779963624223556,-0.9154770290902925,B,0.8632126225052527
S0352,1.475356216949552,-1.8019804375800197,0.6170059495766975,-0.3409078773460798,0.047493468251642953,0.3754558576272528,-1.03799135498923,0.12645921906069005,A,0.30888848288924303
S0353,0.8576596232020194,0.541462728204788,0.6835693232004776,0.4283166923752375,-0.24907184465304072,0.1675701058009903,-1.3537546747097586,-0.5028687536709558,B,1.5988488259017537
S0354,-0.1599385299634271,0.7591551603026468,-1.3659557112005343,0.07715649621771674,-1.6728939013115742,1.1622595975056669,0.7344767450012178,1.178865937036939,C,0.20295393428196556
S0355,-0.01901620790268883,-0.5765104007267194,1.2119439853864005,-0.5938114080687051,0.4042128652773321,-0.5395912207371316,-2.077119853773874,1.3111622966036165,B,0.732244186889558
S0356,-1.0025293646378088,-2.59104229214491,0.26125053123385605,-0.16563141031763223,0.7158727446909595,0.8949105560268252,-0.2352739099724389,0.8640699821389469,A,1.1720107413805076
S0357,-0.01851313599238993,-0.5462444482524828,-0.36927713924620315,0.0785770297191498,0.2270344788648889,-1.6320148850264173,2.1458249250764885,0.30613455310275534,C,0.5544267265077274
S0358,-0.2886586389201383,0.3918040054025465,0.14338846734225108,-2.128734094414812,-0.3240681752089702,-0.9049478329380662,-1.5449359221534005,-0.23105953684089858,B,-0.38418320295177927
S0359,0.3227185603380895,-1.4789115687741288,-1.77623523289832,0.4581681147886987,0.5914421517518549,-1.8070413949318163,-1.9819644857387133,-1.1918747041912499,B,-0.5702944452615362
S0360,-0.827230943552323,0.18335991977915564,0.40865281148067084,-0.9797212247168068,0.6802203604766911,-0.27484530066979224,-1.4991812019576982,1.9435288811221971,A,-0.07973342752853681
S0361,0.5193465142411723,-0.015309849172995557,-1.0293715081820716,-1.153332403205745,0.3074035697196884,-0.04626121726634254,0.8983595683469856,-0.7596730177525534,C,0.7965837898100904
S0362,1.5327389130025777,0.5792914996010884,-1.3526702858435344,-1.6873443471107104,-0.8246122504347609,0.11410149222651991,1.1247767199858125,0.6636463470328414,A,-0.7661030618529515
S0363,-0.1087601484568576,0.11958036841415326,-1.5223591862178911,-1.7938924978678903,0.2766007655111807,0.06188335288713521,-0.5125887969785088,1.0595655726233972,C,0.6521535261796981
S0364,0.40171172209894146,-0.9730689408815555,1.1126883749899252,-1.3554475031122892,1.195480650825479,-0.927553330811728,0.6832124040010689,-0.5552804969053294,C,0.3226323183103053
S0365,0.6901439917111125,1.1965715016644913,-0.6292633936927887,-0.7090209576304904,-0.5966290586117302,-0.19024084441321568,1.3902553275119895,1.0380125273159622,B,-1.2533061231994815
S0366,-0.40122047188583626,-0.15852957302697002,1.5337277099164992,1.9532591375265682,2.0979393391324312,-1.4974466686057486,1.7873464144298254,0.7642132033388553,A,0.6035352591904276
S0367,0.22409248181041677,-0.02730453950993186,-0.5358014630522978,-0.5258796758952039,-0.5256309339853844,1.3632289751322504,-0.24633528117984818,1.7279638353817652,A,0.14192101285235245
S0368,0.01259240078179486,-0.933267959073196,-1.7073579575929467,0.17775010626803134,0.032407013340136216,-0.303626072898001,-2.301471717669987,-0.4693464664267112,A,-0.5505242111902932
S0369,0.09767609854883172,-0.4432822511915103,-1.1165244399486591,0.4004813865063287,-0.6724855960063362,-0.4888861190436912,-0.8208789224096867,-1.2858640172797149,C,0.12742857271426894
S0370,-0.7730097838554665,-0.8848027140269009,1.2358116200069387,0.13106518621584873,0.22327083592026087,1.5889403284440828,-0.4268041949352576,-0.5054897554445111,A,-0.5116510232840712
S0371,0.024510174258942714,-0.172946059923423,-0.15589817793666752,-0.07744346072599365,-1.7422216926352752,-1.2422465335492292,-0.2589387965783906,0.20885354253433172,C,0.24767206468977693
S0372,0.49799829124544975,1.7117084801423434,-0.5482872964906009,-1.1952937635992447,-0.5460417988167212,-1.125587114031969,-0.1878594010087195,0.05821272708505647,A,-0.16796036964655253
S0373,1.4511436077950417,-1.3719011429313563,0.1600182258527877,1.4509275482792119,-1.0921212003485672,-1.0962203248685651,1.1188945979306693,-0.39343789627455045,A,-1.5299242320096162
S0374,0.9592708260852069,-1.6135613978767411,0.501782736167545,1.8071966436378852,0.1353383478922909,-0.0678713816994819,1.2744284266875814,-1.909197458977243,B,-0.13803562188224064
S0375,2.1531824575115563,1.4711703274936085,1.1173988159024608,-1.6826586941226858,0.9944473755089074,0.4316316296375973,-0.17167365392478334,0.4704829961291065,A,-0.44268389543081
S0376,-0.7673475628880495,-0.20932367715186612,1.4484992298929262,-1.0240285908863795,0.6460061871145515,0.7396754681178337,1.0984848760518187,1.9723444790822,B,0.6355863542987947
S0377,0.8723206367206782,-0.6690727386599166,-0.35976864578908574,-0.2798103423770061,-2.3716593608588923,2.571995317494969,0.3576613666310894,0.46425123812300356,B,0.8797684959457444
S0378,0.18334200573835174,1.0399046873960764,-1.3260476860820383,-0.9645377949101913,2.0420696529278803,-2.2494324542007638,0.06450597286257172,0.6091355190535136,C,-0.5090017618305099
S0379,2.1898029332176723,-0.6056155397368641,-0.413465161123276,0.5059655534558652,0.2952799406208684,0.6087355891244169,0.9065441571099638,0.5724453061551018,A,-0.7893954765857517
S0380,-0.8082982853551515,1.8260097135469362,0.26028050658288615,-0.7282722024066131,-0.7764991404930003,-0.5571305725722312,0.07225204823791581,0.3970466698823999,A,-1.680154047758961
S0381,-0.8397218421807761,0.6779258713392691,-0.9637589262106109,2.1650560678066024,0.15712791899094083,-0.5864151488887734,2.0578111770977623,0.9316659668680948,A,-0.8140371230174078
S0382,-0.5993926454440222,-0.48791140814570266,-0.9571509148950429,1.190548594343596,0.17618982250269238,-0.6197721282538776,-1.4384111667945592,0.39537368118566585,B,-0.32326877439227036
S0383,-2.123895724309807,2.1573082132655035,0.34378788154988543,0.2125740306322149,-0.6668487169515637,-0.9087696708079733,-0.5151708990920177,-0.31267716965327597,A,-1.3392633361542141
S0384,-0.525755021680761,-0.6057149230033384,-0.04865235157045115,1.0269862633197322,0.1979166673420755,1.6845248346034518,-0.1265188969539503,-0.795988910008754,C,0.8931365923302197
S0385,-0.759132661553698,0.742095372009307,0.03279699541158651,1.105900424357309,-0.6074722876203072,0.8422973270139027,0.43945269045799057,-0.24897365528067522,C,0.26216196044069456
S0386,0.15039378647620763,0.2992925804064919,-0.7584953347000695,-0.5639474880582432,-0.40436199269002276,0.023195978557374822,1.267960487103089,0.31412949645066596,A,-0.12041671401989905
S0387,0.34175597577715944,1.301741289398798,-0.23040071420576733,-0.8162172445419648,-0.6862791357550845,1.3510157524870003,-0.02439856723615665,-0.31608296112297335,B,-0.016671304395135284
S0388,1.8761708392158862,1.5615111967268527,-0.9242331442683044,0.07814306296964744,-1.4326712897396527,-1.5125289652988756,-1.4222296495062072,0.3143386831314305,C,0.30604495358511286
S0389,0.9504238381860503,0.032004149065766624,0.8901984111247868,0.861636124497944,0.1458364702153839,-1.3307051313309262,0.8425138964550043,0.43915013370041756,C,0.6330949778695086
S0390,-0.5769036556624031,-0.7534178703461835,1.0352493347237526,0.13906039865341766,0.5852994365163381,-2.1779677321946878,0.7549587661419644,0.8331794312701818,B,0.8090076368472653
S0391,-0.898414671348358,0.4599721429391164,-1.8461878622380938,-1.5769964821909972,0.5148835960763722,-0.6994145401232875,-1.941858659379406,1.2827949688389804,C,-0.3091309953130807
S0392,0.4919191715065057,-0.6777153697521061,-0.92951086019241,-0.8028244439508423,0.8199252526352343,0.1616985267047529,-0.0038041336707993834,0.0780074184788575,B,-0.14193494678428714
S0393,-1.3202332070206422,2.013387247526623,-1.496529255090079,-0.07397286359437803,0.3243402100148682,0.10285857793233408,-1.590141830680298,-1.3077765651476607,C,0.17297010594416382
S0394,1.8314587658543537,0.13653533108273744,-0.6500239344068982,-0.07566560432583026,-0.5327254982169035,0.14934191105988046,-0.6646510975020625,-0.3451040968191901,B,-0.18276132798463166
S0395,1.179440120721287,-0.3653215513121087,-0.08343796979036086,1.9725421767898081,0.8396638644311888,-1.4110568310660818,-0.9028089269627998,0.044062567406599355,C,0.8723174158868706
S0396,-0.4691756521047048,0.1846803058649084,-1.44964521969853,-1.385987942398998,-1.357517539841935,0.803154742614022,0.8092646982419858,-1.8357687561770901,A,1.227322438138098
S0397,-1.7131345290908775,-1.3471262895296965,-0.9218598131253132,0.5055892418358746,-0.9006713825124801,0.23962751823899794,0.11683017417218379,1.388664520102482,C,0.34407331452816153
S0398,1.3538723741654128,-0.9716140385106515,-1.0039573720814985,1.4891131083282896,-0.9642000714232447,0.7330542814659985,-1.2855910007560276,0.14237791251046628,C,-0.9081916412932373
S0399,-0.11453984525261789,1.2004139079444254,0.20726732939894396,2.271449745422796,1.0800560591393102,-1.8927621775900518,0.8800659629573423,0.3813528345802849,A,0.5084011208320753
S0400,1.2378163119734618,-0.6568942789713957,0.06934433703625043,-0.40439742318396127,0.9427885141400756,0.31149085879778987,-1.4338058239284144,1.3655264625262657,A,0.3836990542108262
S0401,-1.594427658794367,-1.0469109826819396,-0.7217375533372533,0.4914294527201998,0.48730523704499484,-1.187765239917527,0.33011379047094364,-0.6301428301423468,A,-0.9920420253174967
S0402,-0.5993750229537729,0.5366527525272862,0.17682087213939798,0.5697603571986469,1.0719298652117972,-0.39732325255136186,-0.8140106692915557,0.5740419308840301,A,0.3825999593287268
S0403,0.005243699718183166,1.185704154662997,-0.5466800845872654,0.19548173155329082,-0.8792827824119881,0.5343648986363834,-0.3656770825305199,-0.10986412310193568,B,-0.5441905186460121
S0404,0.046980593764742055,0.7189533106650667,-0.2716551103260533,-0.09884520123930605,0.3485951198609804,0.09109360625591317,0.504270748038384,-0.1840868670159194,B,0.7460938150772825
S0405,-0.45006547147924364,0.9960476858058164,1.673452090298537,0.4359753895000459,-0.12517442838316423,-0.8515399797793188,0.521449399059529,-0.7721923878043793,C,0.5002705218000001
S0406,0.6228499323474987,-0.7567950885694608,1.340461051790348,-2.5322460852196853,0.8468821038849139,0.006273156184418285,1.3369690735559603,1.6656032136865273,C,0.22298653883572364
S0407,-1.0676204293825944,-1.4218106667418438,-1.2995812369275976,0.6820694900626313,-0.11522423255219759,-1.531535315243643,-0.08225369967145317,-0.3755000400755709,C,0.03854673388916923
S0408,-0.1423794850212935,1.5013336519554867,0.8297324178791745,0.12617790366196718,-0.3849428884100812,1.150267395898296,0.3064508629633407,0.6994642468957021,B,-2.1333720733363393
S0409,0.12029563171189886,-0.32267983884213575,0.8113965544915921,-0.22247489677826537,0.54090851856099,-0.20528401949625125,-0.4377373224043246,-1.8750073874719364,C,-1.2142751046573363
S0410,0.514438834058749,-0.25083301645504735,-1.1482632887526183,2.046862195719558,0.8761691671912328,1.118549944255326,0.18198988262279764,1.1799885296897865,C,-0.130801219789871
S0411,0.7116148780888898,1.328194141849058,0.8187776437548606,-0.6749340187905523,-0.6683451948468017,-0.526531687096043,0.4394860480085117,1.0522111559570586,B,1.5193835478035362
S0412,-1.1246420918378692,0.5562300094006599,1.5379319184125528,-0.4030759890650308,-0.0610756713523761,-0.5235759884065829,-0.09830984745437601,0.09743411029730303,C,0.5646810681327797
S0413,-1.5341141707356223,0.45588777208160763,-1.1225448062444139,1.991553302204734,-1.0584406336416528,-0.7641867866378464,-1.8037504840924963,-0.22694246613792435,B,1.814046329058915
S0414,1.277676821898509,2.165002344901084,-0.9175028210142636,-0.8320613048498566,-2.4980610174929394,0.8761739316930753,0.3314708963308953,0.4000000056135664,B,0.08298719365424297
S0415,0.33231401197959165,-0.643518230380143,1.0176614668435024,-0.5501152829365389,0.200459631413729,-0.7094311573284758,0.364561477355457,2.2887906608802893,A,-0.030850763825272586
S0416,-0.7484865365565536,0.9278401280812372,0.271495310825648,-0.14702542343084998,0.6089053562546319,0.6445954324151765,-0.6801734763479509,-1.7632366989034851,A,1.4251251865870396
S0417,1.551151975522523,0.0570131248970845,0.5514762752395233,0.8407344821295493,0.2620668090867255,-0.38245239766929023,-1.2843870360725143,0.7820273875741276,B,-0.15921430483934854
S0418,0.11567463429285867,0.26859227886325693,0.3405892164004968,0.2078025073533134,-1.9495617177543672,-1.9759632998916197,1.4758791505039655,-0.9116173021539026,B,-0.9864699064811835
S0419,1.1792971840638264,1.5284684264125317,0.39069592092814415,-1.2926253471522626,-0.35084943007647457,-0.5703140677864661,0.491445510894402,-0.019918396299731203,A,0.31675411761736444
S0420,0.06751848141010895,0.5078357562896237,-1.326472128311083,-0.5321685631271895,-2.2183477600510813,-1.1791082143628482,-0.2290810309217097,-0.24788011907866303,C,1.122513981992394
S0421,2.060747924881987,0.538296079049633,1.0473177066214483,-0.6073544332122114,1.3697011076541847,0.03390272368233751,-1.1370328831474874,-0.4283182577977557,C,-0.8259475130812093
S0422,1.7553408424432044,1.0725073373098022,1.1695899924277735,-0.07722104522304557,-1.086054582118086,-1.1904077356744902,-0.8218148284213459,-0.010465129052729338,C,0.5890435396780328
S0423,-0.2489641484790735,-0.3649527295428853,-0.22939074406802776,0.4258436586298291,1.2554036094598964,0.9259751007146168,1.3025903967862316,-1.1341711452777905,B,-0.0932365086643296
S0424,0.9715709509543554,-0.8392096673390064,-0.04347694981386243,0.4182057558879721,0.9458696436841456,-0.09107586035302723,0.1376619408680461,1.029180436127967,A,0.45134978456705627
S0425,0.6453759495851475,-1.0448091940210336,-1.5311075025557221,-1.7760117540484022,-0.9005903525360617,-0.17759599475873897,-0.5505870670007066,-1.7941435111986004,C,0.3135338770450984
S0426,1.3686315575323487,-1.9663565893760018,0.5142547560178349,1.063940987560856,-1.132784951267745,0.6558921377875826,0.5096892312246561,0.539764512828342,A,-0.4143043916358271
S0427,-0.9649234605801045,2.056207129940322,0.5720574417141441,0.2525688459966235,0.35037021638633825,0.9639069340758625,-0.8143981874463238,-0.3265358525345711,A,-0.10618786104854232
S0428,0.6860514599984393,-1.1032083657216831,-0.062191016999311004,1.3845320475939062,-0.844324037183071,-0.020098751769651646,1.5008430302803784,-1.1709248938074537,B,-0.3532278267338046
S0429,1.0584244868495878,-0.221253623585772,1.1243533598705027,0.4441983272906719,0.10248464215820753,-0.7712002995492906,1.3528005348967251,0.2023833705986952,C,0.11874822003972352
S0430,-1.7587394864231143,-0.27681329988892067,-0.3340772309799405,1.1013229577357622,-0.48282759080691834,-1.7739696161121294,-0.4665740712027766,-1.556951086706478,A,-0.8460972013395615
S0431,-1.183258512665775,0.30740669780910074,0.5646059258936003,0.46654531145012695,-1.7811584144656334,-0.68604975703518,-0.6286702470308604,0.03971382171963468,B,-0.6070849354948239
S0432,-2.0392321777601006,0.8157372125392968,-1.0196643386921156,1.3462257562027482,-2.230468019124459,-0.6172122466479616,-2.61813319869228,-1.4228769078115544,B,-0.4139604055192921
S0433,-0.26940683444455776,0.8604734883597454,-0.02355215087423812,0.5222506360177785,0.22668424849459717,0.10705745299229676,-1.481580771551368,0.4612720843178312,B,0.3917029056213892
S0434,0.7175422557959623,-0.5830774385689385,-0.17435425790283585,-0.09791524644290406,-0.5615577463306254,-0.34514688113802716,-1.3394697749577562,-0.9243573336303755,C,-1.4155339292881792
S0435,1.502357052096028,-0.1671217137864115,0.22530792204094158,2.2724347204468818,-0.5530898169141323,0.6879329720514281,0.1351903409873859,-0.4509940170293094,C,-0.10712963484093185
S0436,0.07409478041977519,0.28257995048829965,-0.3695269288333586,0.8890371222798921,0.6958638390937854,-0.6129832712706895,-0.3262337044413596,0.2939493879431622,B,-0.7082089975535188
S0437,1.6286155455712918,-0.24869112618354708,-0.1314725956716678,0.5737444210044131,1.1734422766324448,-0.05704116685294176,-1.3453354874152414,-0.7725421118422359,C,-0.41141191368493285
S0438,-1.3801014582148914,1.6073455760199926,0.8260471714415063,-1.276304416538336,-0.2725447213618092,1.1839874431968893,-0.2811640424645573,-0.05796399966830253,C,-0.660169197515097
S0439,-1.7033824393551547,0.49097495163825133,-0.43676423723821745,-1.2883076174635377,-0.3405987069098615,0.3418252139549665,0.5053371476473485,-1.5138305012448536,A,0.19457198091630912
S0440,-0.05554769889661878,0.7348777860498175,-1.6065771007386793,0.2927154821418534,0.5001430331138838,-0.06003754168856451,0.5278393499155871,0.6308756035961556,B,-0.15711329491889997
S0441,0.3840654489393073,0.6628812686674127,1.7495839042054206,0.1455211977682408,-1.3569355696995753,-0.601944441935177,-1.8996702808588812,1.7649138055507714,B,0.7116102236545875
S0442,-0.03269474809409311,1.173473857485325,1.3814540786904865,-0.6141225650083162,0.223153054747697,-0.6332313967149771,-0.12826348048383082,2.7922088679099613,C,0.4017314054166394
S0443,-2.0674421000398766,0.18102155870370695,-1.2922626951056186,0.14098269961206,0.551885971822154,-0.8506132529519478,-1.3833407769716104,0.09116814666643917,B,-1.5370460843900455
S0444,-0.08912003951278841,-1.2968319479558466,0.6897078052451944,1.5886269280435958,0.6802302084176292,-0.5410068657828994,0.9017286971402739,0.7882041407971867,B,-0.9599990572953289
S0445,-1.3044695005048532,0.3996879517526416,-0.5029747705513431,0.6954024745502987,-1.936752702502465,0.7556658387443146,0.7841464163534985,-1.7806256729074892,B,-0.17310728612401202
S0446,0.6696725488300385,-0.651356893791829,0.26348721533105957,-1.1410085097527383,-0.7613552698089406,-0.2218882712922687,-0.8980272263244584,1.5027343263055881,C,-0.04293519400307513
S0447,0.36659824609684827,-0.5286166817497568,0.2942241290134937,-0.1115088271429437,-0.8782632528234666,-1.349773069381231,-0.7660452024003999,0.7762285047241061,C,-0.8717807697458232
S0448,-0.9398797863273552,0.5863640187550933,-0.234407800316322,-0.8049664808525608,0.09988695440921298,1.7681692930597834,-0.46126705049830724,-0.483933444951233,C,1.3039743705145472
S0449,-0.5138669173366935,1.2382830714336357,-0.7837656655863965,-0.38769991640856116,0.48074457976798396,0.31996519114516303,-2.252793394731339,1.2371808002890092,A,0.8646877407722353
S0450,-1.0592135218889516,0.02127157673606165,-0.6905410523162594,-0.41361566562964275,1.4967104074459814,-1.4069434005131694,0.3359681734405766,-0.2544760766453415,B,-1.6447408424975563
S0451,-0.06267909727317188,0.3088330125989638,-0.9161919154812425,-0.4776455826040052,-0.4949654803680731,-0.44184892724082386,-0.2728445463401307,-0.4580251830145565,A,0.34542636035848484
S0452,0.9551423205012383,1.702214944635238,-0.8318222082304447,-1.2551353719733949,-0.49757249830921385,0.11088638282841785,0.9701750825678591,0.4753349254274913,C,-0.04579653672244556
S0453,-0.9857260463355437,0.24075317948856828,-0.06717829004935526,-0.12765468151819012,1.149672018878747,1.704592093297377,-1.0984092179625526,-1.0633544998303186,A,1.243875040571261
S0454,0.5040465155178444,2.601683114180395,-0.7157599891107518,-0.56060763684731,0.2965769385303051,-1.1081124582588693,-0.6191229482499316,1.021624764399948,B,-1.569883927543632
S0455,-0.5302576183724408,0.5655096456315442,0.6820520657126199,-2.929448690002268,1.2676515111879738,0.9760407193559466,-1.5065252580391153,-1.0559898119268434,B,2.0598548112400503
S0456,-0.7928728322623442,-1.7607627591558177,1.4872461553359273,2.052972024501663,0.2887280030098363,1.399486426972343,-1.0042905634942532,-1.0500547898231862,C,-0.8429456615999527
S0457,-0.10703035995455783,0.7533416211045325,-0.580053241370043,1.088769654216672,-1.1571166187132709,-0.6286543050745702,-1.181981996068219,-0.9096897884083344,C,0.37852681893202467
S0458,-1.035242322419374,0.38115838488277776,0.23940450053537707,-0.37630072492499606,-1.3331283547778066,-0.27751361886023346,0.9959736788464457,0.7595000375161222,A,-0.6063569769056688
S0459,-0.553649305347182,1.2897527540827456,0.49968511030293383,0.018819049740598424,-1.551512249058929,-1.0363092473737703,-0.6982618487513923,-0.6167753615197077,C,-0.37615891876102336
S0460,-1.1978778925888485,0.6731813512699584,0.4720022709192744,-1.1716543473175618,0.6620518347584732,-0.20346114108030489,0.12417568474461345,-1.3479957843671688,A,-1.6894179894802415
S0461,1.9647251329163893,-0.13845598398377382,0.07595526791608741,1.6957228778108653,1.188596823087008,-0.03658997434293117,-0.3807634038618044,-0.605679999935798,B,1.196886763916562
S0462,0.03526355197172861,-1.2242982362893657,0.7426824183597224,1.8972886947731116,1.849362141386381,0.6596499980823705,-1.269465266012813,-0.03204237068048687,B,-0.2696473522415064
S0463,-0.6997255079925856,-0.20902325728602528,0.4822489526806572,0.1566937282465246,0.8431053323232401,1.0901834710204468,-0.1683004231716427,-1.1809724836643856,B,-0.20165791269967645
S0464,0.213979910734222,-0.8505204542093001,-1.2376624223272978,1.0235306441853447,1.1628385775349859,-0.7480960646216471,0.5991033318635947,-1.1516811090343435,B,2.312481905516079
S0465,-0.11232804969082982,-0.5805234498047227,0.8691560643892732,0.17528677893392386,-0.5800163326536847,-1.9673250642259945,-1.2077593925433523,2.1112963340995843,B,0.9594427089965875
S0466,-0.22096959953322298,0.5885784044206096,0.8872908372667421,-1.3367254388759306,-1.1564158167438567,-0.021244779276242128,0.8091127907313788,-0.8605654038138869,A,-0.6683612761723191
S0467,0.6141667000434252,1.6699045043514062,-0.7632861041785816,-0.4118233689636573,0.8500793324175533,0.2935375299686405,-0.8497209214776963,-0.3230423687730068,B,-0.6102559003644767
S0468,0.7575077100473051,0.3946715298229811,0.03793783544760203,0.13192796677195706,0.41768075223940065,0.24941768768504166,-0.48298392607284074,-0.36723700079928584,A,0.2598012105948643
S0469,-0.5305011476105275,-1.1958830620351844,0.6833289928110694,-0.4545477187434442,0.10744437434089255,-0.326673247509044,0.5306831230100478,-0.4213568077704419,B,0.7707299135137735
S0470,-0.57581824064468,0.4446026682201407,-0.20931381957936157,-0.218653277435036,0.3873714806329899,0.1247520996639345,-0.663436157219488,0.6213467399691023,A,1.7524420498081419
S0471,-0.275051697151644,1.196631486645651,1.0729780477660118,-0.09139955750911445,0.3231854824582059,1.5154448083522476,0.03757485933586561,0.9481429504720496,A,-1.6080993587888226
S0472,-2.301921164735585,-0.6097829043193822,2.3638724946193608,-0.08087849786546131,1.2838168598535613,0.3817341689625093,-0.31469082878809246,-0.3059544315315921,A,0.7270193073540817
S0473,-1.5151910621985523,-0.1340171666729177,-0.7859860326349823,0.05225849049748321,1.2949855848169558,-0.3733684250030844,0.1293680067038185,-1.236478286592349,C,0.887669311435047
S0474,1.3668742674445247,0.014688194729197093,-1.3810446031537749,-1.060605066396601,0.544220352340347,-0.5001978170959958,-2.380739105523497,1.2744402278489033,A,-0.78950685133539
S0475,1.6449677135012837,-0.78489831308224,0.30381859560487573,-0.7170161491279362,0.8458028725629282,-0.16985235767773066,-1.829681815208083,-0.09534109119668262,A,-0.36025990152728143
S0476,-0.24903603955637832,0.648280433843859,0.7215625051261435,-1.2845842656999693,0.5140625524247758,1.6367399618306397,0.6159670060468382,1.7303218148571686,B,-1.63033164455577
S0477,0.5765569630557664,-0.12094814860778157,-0.23086637384476896,0.9778155496862003,-0.4611697320346189,-0.1833007095261973,1.0371814056490503,-2.245585897565163,A,-0.5008936956512298
S0478,0.3112501545435361,0.41953244390702776,1.4532606633210343,-2.1056469418403245,0.7565646749131401,-0.01979434452070797,-0.9104867035315213,0.19540322128332027,A,0.23209408472244217
S0479,3.0788808084552377,-0.8874921778021001,-1.3386057997232488,1.1535903433169254,-1.3944950688592617,-0.48231357093630295,-0.24402835217113436,1.9186063338762078,C,1.5941174615220233
S0480,1.1195749114345768,-0.43745830032341043,0.6929186230316111,1.3863493972628433,1.0538915522958832,1.0989833574419647,0.29471925290230155,-0.3532641354381582,B,1.6863654589486519
S0481,-0.12791759148076653,0.7223813578277714,-0.6058608207588934,-0.3021805869826214,-1.194522939766035,1.959837254744675,0.6932176016587042,-0.22549342333463607,C,-1.029299501614386
S0482,-0.9555404406004258,-0.372833152091767,1.7193779062072967,-2.6031370878272986,0.28580328679473294,0.4506130494313883,-2.0276772716708487,0.29551169159033874,C,1.4578591798568084
S0483,-1.6064463202575725,1.7269638512334051,1.9925153531681183,-0.3613105619672905,-0.8451539584261589,0.08277290378542575,-0.8860402469783771,-0.5587958188849573,C,-1.9493452552108483
S0484,0.2034636358672231,-0.39963618561460235,-0.7666565877833479,-0.06418416128881928,0.5533889830744267,0.03678283317423478,-0.33257937984987496,-0.31207193205273287,A,-0.5849299185682824
S0485,-0.7563507452843033,0.22468472575188592,-0.5495571359085801,-1.0105982199289134,-0.03392522592790888,-2.3843067887857456,0.7031401972360493,-0.33781509419140304,C,-0.301810107076798
S0486,-1.4222537095976742,0.9325908318730899,0.8595878869798019,-0.5152183938082427,-1.5947559581633324,0.7451508642848174,2.498430483721495,-0.6274207344263732,C,0.25178939075434725
S0487,-0.6465728842425266,-1.4183657329330317,-0.3871306497895146,1.5301951988633513,0.42069963101847885,0.13416641599584353,-0.22800572680971787,1.2288565502005595,B,0.10651034054688654
S0488,-1.081548003614395,-1.7608088119807759,-0.04541121793223822,0.664927162301741,-0.5779207768327106,0.42834205066072495,-1.4069774621039888,0.4610780322964351,B,0.3656985242180596
S0489,1.6871416350725648,-1.5256563145700948,0.02538842054241018,-0.9245641143780999,0.8811467208133691,-0.7114621940837048,0.40226807720129804,0.25062823210330204,B,-0.1829574255102161
S0490,0.8816397569494505,1.262584103427182,-1.9196731561976563,-1.5975991695954321,0.0013256887344072295,-0.38445687897709163,1.32099578954071,0.8085710068901167,B,0.9595886883794996
S0491,-0.007972641316617372,-0.5518581458924467,-0.01383774609423725,-0.3270173176097711,0.39542098538803816,-0.411024936503173,0.10801412097950092,-0.2643558332034669,C,0.6918356374107179
S0492,1.4799441388900259,2.5581992856682523,-0.6897277740641738,-0.21345677935043825,-0.9575689550152119,1.0216229840730389,-0.9066485451542928,-0.7742038183529005,B,-0.28956287144711274
S0493,0.0773683076476183,-0.5642475986573886,-0.493122822399772,0.4961991873633163,-0.5893322314273619,-0.3787598366030933,0.957993941480019,-0.6026243046145574,A,0.8423936901903476
S0494,-0.8612842013282637,0.18455130319703697,1.4436320034688142,-0.535316712567659,-0.4586386361010845,2.0826603221097977,0.663545618498435,0.001783041104608902,C,2.0684353405210794
S0495,1.5231240772696573,1.5421099525678756,-1.2565068942792563,0.5114995753618614,0.8567024802425557,0.4308624190150374,-1.0260808441956244,-1.059211708372902,B,-0.673258454789669
S0496,0.5389100436846587,2.006092888159123,0.8132051867479773,1.9351540400602292,1.6773770878054892,-1.2756826599957316,0.38142561753434195,-0.5002610165866755,C,1.6753365159340758
S0497,-1.0372461543264564,2.061503576636398,-0.2789629303318085,0.8155010224442626,-0.8051717517428763,-0.12854629325195685,0.9972655676588726,-0.5161166418714347,B,-0.5834753165999902
S0498,-0.1903386780836082,1.2083662305931424,-0.2797601684958344,-0.048088507330772585,1.0768481446576803,-0.6516751221564157,1.1818900425588936,2.1245562298290137,C,1.4103259559504977
S0499,-0.8756182533847572,1.0240625258114624,0.7903718960517113,-0.18315047105329468,-2.169677417725702,-2.1943824698200243,-0.06644897530945597,-2.7738149399339167,B,-0.5459360003532663
S0500,-1.382799730964336,0.5925269492011831,0.34005129456889044,-0.35667313417987123,-1.1941894010922893,1.5994709401137894,-0.35807944617931886,-0.17961972140563326,A,0.7656624251562598
S0501,0.9261775475316414,0.7783610761666377,0.570612997219531,1.1806409124521446,-0.9587784561867748,0.7031425422200039,1.2272738220812627,1.7256937928147706,B,0.1796331105979691
S0502,1.9094166404701305,-0.5511857163285334,0.9681846605328611,-0.6273134459513029,-1.3525086894407223,0.5332073178993125,-1.210160502980885,0.12184446413245396,C,-1.7852584679238899
S0503,-1.3985675738191412,-0.8181988834223072,-0.33130838318332273,0.04522270899998256,-1.58358838978758,0.16540366029970424,0.4385792909210054,0.7534174734210928,C,1.9155523724856514
S0504,0.5629692366905709,-0.0033744574109520514,-0.6122367345077503,0.05119790188108534,0.41299891213779755,-1.3820175686924376,-1.3700266273644293,0.09982631509976791,A,-0.8954519890080467
S0505,-0.6506425691218269,-0.17018462252492844,-1.085150526557798,-0.501784192811532,-0.21406769772786138,-0.4836171395554367,1.0653762722596027,-0.6673333812164803,C,-1.2695993113567914
S0506,-0.48712538376469605,-0.4532280493272752,-0.8254105299789551,-1.3724655478841008,0.3794053976051097,0.8417807747840127,-0.2580455156111615,-2.241915934508913,A,-0.6394387806715084
S0507,-0.5923939242388692,0.6963874474567153,2.9490944253087252,0.32297450361766816,0.690472686121513,-1.0512200297825027,1.2685832356474693,0.20545568703630285,C,2.531247233263117
S0508,-0.863990769679816,0.9553052085705107,1.2446795807367868,-0.06100397185538355,0.26561699317253346,-2.5317693162508137,0.491412756355527,-0.7756066046023912,C,-1.2537135875801377
S0509,0.04852162794482699,0.08840688629184736,-1.3510743662080213,0.5002404694365699,0.6577631761503737,-0.22710600778092602,-1.22322023006193,-0.8003354061653037,A,0.1782435176836276
S0510,-0.8309501164110378,1.4775300810552618,-1.3224579567435701,-0.5336003064391669,-0.06953228624226938,-0.1417575540275386,1.4246277320772434,-0.49898725597911187,C,-1.1231623263411525
S0511,0.2704568257798388,-1.141689114133505,0.4818660617184915,1.2208212988130478,-1.1869933883057446,0.13556341641470915,1.5512452664277294,1.7448614066234935,C,-0.951708238164947
S0512,-0.05023810944913695,-0.19365945927971812,0.547264797377967,-0.8767737812118448,1.0578141808207961,0.7285186435145362,0.8822864925992157,2.404837542253973,A,-1.5994225691295507
S0513,-0.23894804686640975,-0.7168223206028049,0.5488838353173644,1.7120402840178925,-0.589112132781127,0.6376058122312086,-0.7615878650362199,0.2172079375284009,B,0.3151682037984205
S0514,-0.9075636620415979,-1.86653661707306,-0.25495579355369785,-1.7476365098282616,-0.9355962987624259,0.2587698052439216,-0.30601395435740886,-0.4647672239117277,A,-0.161219851248817
S0515,-0.5767713305683327,-0.08268068584269925,-0.12545426000290022,0.43477006455689116,-0.17791787580439816,1.1955313880867093,0.1454272174057594,-1.1772264174512104,C,-1.1313662435732894
S0516,0.755391225825756,-0.12174750838328353,0.3278795241593574,0.47543068252662346,-0.912810919296513,-1.5189697808133147,-0.7037103993314333,0.4685401615460691,B,0.8732034679584414
S0517,0.5009171876243808,1.513449743242131,0.08589300629333041,-0.7955570679408823,-0.4174303819894322,0.5045818144773903,1.6923465724632047,1.782905600065144,B,0.9787207152077464
S0518,-0.977555244798551,0.6308116845547775,-2.219300372747535,0.4243939378610126,0.3440539215634665,0.6265383633369425,0.14432647172603683,-0.24734038702515676,B,0.4072186081807713
S0519,0.09933230542922587,-1.024186824329205,-0.22979963057519381,1.2795186697601588,0.3483417392461269,-1.2395622860802396,-2.703348047107357,-2.3789960407532242,A,1.1706699391741384
S0520,0.751387123371789,1.8540925663341883,-0.8514064342603136,-2.2168188393540644,-0.8978300664256293,-1.5028706086823893,0.33935581275622034,0.6700496718155238,B,-0.34901026596470397
S0521,-1.6694052811213718,1.221033695525353,0.17521141890851205,0.5027448074908146,-0.4877053729487446,-0.7459421264756013,-0.34815739681731317,0.9853997114500495,B,0.3223746965844759
S0522,0.543360192379935,0.5820977034686158,2.98525900260341,-2.4932708203300775,1.0743330047702437,-0.6615414425152919,-0.07492655611844788,-1.5858456403858474,B,-0.3451496572880415
S0523,-0.6626237589458467,-0.22648409884983192,0.3674816654743044,-0.965664803523208,0.4964001177339411,0.7534194635024307,-0.3686193657856996,0.17648418366295282,C,-1.5073331179376817
S0524,0.5705986685931593,-0.9594392367234797,-0.3135296861723979,1.6291663649009451,2.0750650393485417,-0.6145387836910949,0.8070464166066873,0.4512260161360988,A,0.2192464008313578
S0525,-0.7632591565425169,-0.372206776071053,0.9218015019772522,-0.581782033392054,1.1801281737415277,-0.856348518281204,1.1196877785533812,-0.07310730200893852,A,0.15867790637445828
S0526,-1.804882100664519,1.088748619704186,0.4826878872092127,-1.1738799644089726,1.144293068559939,-0.6116337366945591,0.28305316225865373,-0.7907709190853537,C,-0.030194307942056735
S0527,-1.6275424378831627,1.884586305934609,0.4200944904518413,-0.19793772898468187,-1.387868550455802,1.1186323341542117,-0.33931118713815905,1.0159372235635562,B,0.3738753902434395
S0528,0.048084946661381994,1.543243528272189,0.606850593215671,2.067906338163552,0.7638603516334226,0.013043374376952133,-0.041337204809170254,-0.4033797459686826,C,1.4119024337098602
S0529,0.25972250172148187,-0.4888494217862741,2.0565435648295414,-1.8316822472060261,-0.05310680169691065,-0.1792510253569118,0.019599616577628293,-1.485186162699932,C,-0.20441998158067412
S0530,-0.9043166251044086,-1.1196174332890112,-1.1308884353259157,-1.0513099116393445,-0.5509818035382495,-0.11000549870105147,-0.8024300398648369,-2.049474485669681,B,-0.957168769241226
S0531,0.6385924587773739,0.14088624691120394,0.47363207681145447,1.4974316831796264,0.1680153405325285,1.2920603343265227,0.5789286485712348,1.2608495199993097,B,-0.2477510094580059
S0532,-1.6615200622689599,-1.7684393655628516,-0.9263811299815384,1.8577023435377324,0.9452115346114836,-0.7491717266032418,0.4600423238604662,0.6166639764711183,A,-0.13684003336280262
S0533,-0.06607979864731657,0.32316771418478146,0.5555126463422483,-0.10343122429028392,0.5008315910042116,1.315508290940104,1.5404412397766734,0.08797354712916895,B,0.9835885739481924
S0534,-1.2110161997624567,-0.14760258629866868,-0.9186865114860944,-1.2390527025266425,-0.87847380134206,0.21049629892150362,1.255349780288475,-0.44027463685080354,C,0.1066631033251192
S0535,-0.6518361078021592,-0.46603650186824225,-0.4173668136050844,2.095843501809159,0.7424589135926203,-0.16041938197534772,-0.6856749175901302,-0.528998414203127,C,-1.1481893580192406
S0536,0.047398671316414016,-1.5947030672667954,-0.2950899142379063,1.5944423917491968,-0.6375875420759639,2.5009004979342815,0.8202983745089647,-1.0757366484416113,B,0.8054578635708917
S0537,-0.8604133652839524,0.5136001065697166,0.975816719344709,0.678946987762233,0.21668311896428621,-1.0556394897985963,-0.9509533830944716,-0.43145564455988483,A,0.6451278387938414
S0538,-0.38455554422982535,-0.5327008396619114,0.9184544439424138,-0.81240234893742,-0.3033500674771342,-0.35368575956700604,0.6959321009408497,-2.1200872151201744,C,0.10710245176461455
S0539,1.0062928092144405,-1.169916835710288,-1.2457173764463845,-0.049029340838036735,-0.2188662517356257,-1.2324312391640002,-0.5166141987601078,-0.7360636534685142,B,0.9482464636378202
S0540,-0.5768918695231487,-2.8722622132816493,0.054934110999848726,-0.16036008104483077,0.7662429750405095,0.9524619705361694,-1.0232532233755844,-0.31093751635109385,A,1.1156070112433916
S0541,0.8356921120651418,-0.027514905050636255,-0.7095798547491726,0.33085130461557777,-1.040193719815898,1.689188933651679,0.28004534269740444,0.6098800471904189,A,-0.3774404902857792
S0542,-1.129706854657618,1.772251596669744,-1.2585049106753345,1.451001438131336,1.945195074276933,1.669922781404639,-2.6745671281541408,-0.03992646337336377,C,-0.9001612335098023
S0543,0.5298041779152828,1.66125921454787,-0.21701705042437042,0.8794170411374032,-1.8210860692944963,1.2239487531460047,-1.750975574405228,0.794923113875559,C,-0.011876419701249552
S0544,1.4415686206579004,-0.45709625658627184,-0.3084827884558197,-1.0773760769847582,-0.5976676832548571,-0.19762046779596562,-0.17749188377428318,1.3491351051134295,A,0.53661172543583
S0545,-2.4716445001272893,-0.6022120603617805,2.4267164863455224,1.3764964500195378,0.370211889941741,-0.3652409774898465,0.08244176663484246,1.0581700938241017,A,-0.10535493870336059
S0546,-0.7968952554704768,0.46877425607502377,0.43295982536069616,0.3131321400131553,0.5843141664353099,-1.671169772494065,-0.36931877015818887,0.4705098473785568,A,-0.9884235827556973
S0547,0.57707212718054,-0.9983854391882915,-1.3776175007542373,0.6870657958589163,-0.10047572057170515,2.0358735351817927,-1.5794362987175987,0.011862679180784205,B,0.16267197252071916
S0548,-0.2030453860429927,0.30179189981946597,-0.5647740041709423,1.466540859278603,-0.057390703001542406,0.4689780781484677,-0.8178918421385055,-0.9807880084135592,C,-2.0335006699905054
S0549,0.37114587337130883,0.7660802783846903,1.0213832954293984,-1.1115802495135512,0.41055008532761655,-0.49195690486948307,0.3912093272373939,0.7399440513793163,A,-0.3244610722095339
S0550,-0.6039851867158206,1.2269332238843076,2.088442772869925,-0.035825578706462934,-0.2310694774576803,1.3280568889869675,0.5817817706283626,1.6797473822215292,C,0.851165899490164
S0551,0.08658978747289992,-0.10015407647995278,-1.5859833122379583,-0.531454551359215,1.3931812579349059,-0.9727645167600009,-0.01622311759594124,0.3421060396504182,C,0.9054383674547759
S0552,-0.15567723539207948,-0.20367375017696587,-1.879924385139045,-1.5678594253654559,0.8393491142316022,0.40662203422267407,1.1568337810369889,1.917259148426123,C,-3.759778926676893
S0553,1.1677820616598074,-0.877982586756561,1.8709651753717822,0.3467099776049199,0.8728243510056346,-0.17262913429083468,0.3973970234592343,-1.5255717080610838,A,-0.19258410445319316
S0554,0.2544208433012131,-0.82688035403986,0.38961417737090387,2.5115565515844236,-0.966156723370417,0.638677139880301,-0.7474556539582122,-1.1541633847795414,B,0.5992757952212582
S0555,0.3376026620752022,-0.22647889190152676,-0.8682927318763665,-1.8400777445057528,-0.07938842440570287,-0.06357353918612146,-0.2805020534116174,0.8552015077482625,A,-1.1760820724323144
S0556,-0.4118769661224674,0.3673655068161781,0.5346290861224353,-0.032280611049470324,-0.3004659487207037,-1.4509278911112242,-1.4028661572078547,0.26429021015325105,C,-0.37195467490632816
S0557,-0.48760622407249354,0.9135846262332494,-2.6357477390168778,0.6405429350747734,-1.0056013756894657,0.07557637267003782,-0.10813899039141675,1.3137821765718076,A,1.207716755909506
S0558,-0.4325581878196209,-0.8031789506803448,0.003375506597160999,0.12307820165618115,0.36016418394576694,1.0488641418753621,1.1121006192213385,-0.015471640726739578,A,-0.4841634165777435
S0559,0.39445214237829684,1.4926885689595217,0.32782117284308526,-0.1131280525157404,-0.5376457577798165,-0.029216405853985244,0.6852900847109679,-0.8679754225283319,C,1.5986416689053058
S0560,-0.42098448082026296,-0.2711236010425688,0.9242701395378298,-1.2992163634458243,0.655403829850237,0.775115121589086,1.402009325919122,-0.21359324220504247,C,-0.7411857164500156
S0561,0.2897748568964129,-0.021367294348436157,-1.0138959522925377,0.23278674294016363,-1.0701915628943317,-1.0455294856740531,-0.3028852437989931,-1.532683970923734,A,1.4098801716180314
S0562,2.075400798645439,-0.7472116791478234,0.08568716140335904,-0.7567639770159263,1.719040612841821,-0.026260793269852138,1.3460997945142577,-1.1285906730970345,A,0.0335635548712162
S0563,0.8711247034316923,-2.4242402602729416,-0.9254246260595873,-2.1899217049785533,-0.8963326585920618,-0.6245104550885774,-0.19330422644796988,0.9724439979180102,A,-0.8783272872002639
S0564,-0.32602353216784113,0.8840453963610497,0.2553837556743171,1.1945922205137307,0.21930233720043607,0.7469808401047098,1.471585082569894,0.87278741446961,A,1.4132140829193054
S0565,1.2012139221639448,0.7368438970924334,-0.8953463223630241,0.9583858198420424,0.7918593103880676,0.03149156226199577,-0.02185674744212368,0.3630042848060769,B,-1.2064749535815509
S0566,-0.4080753730215514,-0.2813275571182134,-0.4081008391602206,0.0516609768510798,-0.5706404302001128,0.6900736763366125,0.7072313738042767,-1.7210775209604694,A,-0.7959722440593294
S0567,-2.038124535177854,0.06699071722487192,-0.9958153947902291,0.22907468820570256,0.8524686434329506,1.087710426157866,1.4751123643098556,-0.35840357551288854,B,0.489919407289479
S0568,-1.008086310917404,0.5159392177040995,0.651136241823657,1.0743180127155614,-1.2291835978004162,0.6916185751213884,-0.1934276285812056,-1.2249998886600506,C,0.08081739450261613
S0569,-1.8707919210258557,-1.5625458568865427,0.8584511166566653,0.2243396567780826,1.4521176991825604,0.2731184342936442,0.21838898754417418,1.1765332537877653,B,0.27396375625287794
S0570,-0.35151348404130867,-0.5290526773462948,-0.2346205699574138,0.9040175547613144,0.014149264965758293,-0.9982122585114053,1.2888634252063023,-0.5837221335626013,C,-0.3683183231562406
S0571,0.0184183791895517,0.7942646796218271,0.03823799496002834,-0.29748220087385013,-0.5964114079688796,-0.002786110666901238,-0.1330031639300636,-1.0857477107815494,B,-1.1993935113641656
S0572,1.6764373122752827,-1.2542894231692494,-1.4485914146335441,1.3119837385739466,-0.2991817724274345,-0.5330904020158331,-1.320892282506161,0.029796165121424436,C,-0.6522557630512951
S0573,0.32692737376416264,0.2935579321666293,-0.29967664800678706,0.3207857259326839,0.8089192693927194,-0.34406395670422657,2.14300705458491,-0.6401544568346118,A,1.3203992814466707
S0574,-0.21910052880886424,-1.356581804623405,-0.05020461704174478,0.19405194360587402,-0.5844552918504382,-0.37453415075025087,-0.4697644643371368,1.4837439102037069,B,-1.3369808960485758
S0575,0.8294055811834892,0.46642998243352635,2.620793091029975,-1.270061088712032,-0.7493576894227776,-0.9799255747822445,0.15875605093754283,-0.7348108975341908,B,1.6444674333499452
S0576,-2.211135309007885,-0.03564148229748357,-1.1119670257741636,0.2869558543017087,-0.22153659758373817,-1.9573385891339898,1.156006669451127,-1.3992282592246312,C,0.31585898655854244
S0577,0.23561455810856594,-1.6151318159055095,1.4641772387524374,-0.8319549174944512,-1.176962112769968,-0.6681430483277668,-0.6084939037312018,-2.1529135157575157,C,-0.596804905853097
S0578,0.7708651938869668,1.1647393544571714,0.996858773465808,-0.6382827265284942,1.8205439079418155,0.19337945192415906,-1.0078679132221302,-0.030786502413415195,B,-2.0020529844773582
S0579,-1.4785862457798415,-0.7345915767980492,0.2806364044901364,-0.8153756283161211,-0.5663945912147232,-1.3481770454274902,0.25373729677483314,-0.5619301138579263,C,-1.8706855841180934
S0580,1.143754043206929,-0.810252437014381,1.7586204841951334,-1.066234931899225,0.8316167861804036,0.015682236471624342,-1.7930763979123896,-1.4289046065117268,A,-0.35588389985990065
S0581,0.3384964074944141,0.20056919723094285,0.3721054726068629,2.1247714030169615,0.2094700836477726,1.9002684243109647,-0.28790607686792025,1.1892264612557852,B,-0.47704406575757213
S0582,-0.4152879139008013,1.1486373494287152,0.3891591956679287,1.3313390619884031,-0.9845340504819681,1.0230565552522393,0.2450386643154059,0.6672451474292419,A,0.11774857446304501
S0583,0.6327818661062848,-1.015821818978397,-0.053120653017545344,1.9203675021442612,-0.0059547092127293835,1.6435415091205292,-0.26995189682516413,-0.028217878937229775,B,1.719144334338687
S0584,2.270692857804396,0.06167984984797165,1.2235688824186275,-1.222895019555564,0.784002779310748,0.3911278769327262,-1.543450943185747,1.3643262441708666,A,0.5375940162702407
S0585,0.18186625505849516,0.42881650033057295,1.0964692338108837,0.07125374991089249,-0.18826133508630655,1.167509822986446,1.5941779562040121,0.662536033398613,B,-0.12868878274457135
S0586,0.24822058630033608,0.6931056072631441,-0.6256772874962124,-1.2935076252040958,1.193112945851028,-0.7239647304677874,0.10353815394917538,-0.8228559015184324,C,1.2168443567400216
S0587,-0.4593608995402441,0.1764415552772252,-1.3192471945987674,-0.695694877197064,1.0215153927818639,-0.6443402670219842,1.431152117761741,-1.039220163990766,B,0.15065392673910555
S0588,-0.8498443694647918,-0.3670278390833223,-0.20298063739565708,-0.9181269834165748,0.9189148546583293,-2.7391402061374728,-0.26003625018044474,0.8179815444538614,A,1.5997089937601792
S0589,0.8303358165442456,-0.8275902206487197,-0.8000385643976464,1.2395840064415615,-0.45965677227299695,1.186145474042299,-0.8800119816907639,0.396366956467351,B,-0.672086293367362
S0590,-0.8560838259088672,0.08614388304637476,-0.0635245746153551,-0.39622967810175985,-1.079842447781487,1.540323979819886,0.2691809202551599,0.1697477679706617,A,-1.1477907718575986
S0591,0.07156623721939247,-1.072139011985607,1.2374381346841392,1.0683793336940164,-0.6135876053627944,-0.55317724534727,-0.21578712632821961,-0.8464978028689073,A,-2.0003322762548583
S0592,-0.4776574467651167,-2.9213504834946074,-0.45730165508679,0.604120889588518,0.19624094066672046,-0.2539517063972351,-1.177761457991358,0.6079475670057539,A,-0.10541125747840863
S0593,0.47897982574639186,0.4365598041576678,-0.04282338131157488,2.303638752104789,0.5457867135323555,-0.7538621136909615,1.4697842587874956,-0.7554988831339492,C,-1.2346415233570895
S0594,0.3336621052869483,0.9039348410861953,0.058022734808395225,-1.479444223139724,-2.1715714047604475,0.3826535514774916,-0.622270222893996,-0.10198665459367798,B,-1.2488031324896824
S0595,1.0375399442578992,-2.3629324355418384,0.8484308822052846,1.259233239786799,-0.00811320161175029,1.1249325453032408,-1.8402663847955685,1.4469441463869799,A,1.034319416401822
S0596,-0.510016398854747,-1.0097307047099375,-2.246889333984605,1.1464408704007276,0.15808922532318442,-1.742771973881041,1.3281660539573328,-0.6608342358101458,C,-1.7221016246734302
S0597,-0.26987493529337125,0.6191542610051978,-0.6067002947652967,-0.9733788380270346,-0.2775442563155516,0.4094385306422523,-0.5042980158126232,-1.572989257072861,A,0.10355847249732097
S0598,-0.9787637157823074,2.0574954697116987,0.21128369227947272,1.0071333364731596,1.2912738390158789,-0.2766717717191454,-0.6078238926156243,-1.0525471918701104,B,-0.0832327102706568
S0599,-0.4442932600761116,0.020793707675407894,1.2000789564268612,0.3361449630262288,0.4217800742508709,0.11339439196668935,-1.765387587029974,0.9942988266876233,C,0.09213114833163037
S0600,0.3773004930448522,-0.7280029412291344,-0.49190244750620515,-0.22747625995340778,1.310191908080897,0.45899400167429094,1.7409414865969908,0.25473113738020947,A,1.384102468745975
S0601,0.7569886166453519,-0.18289644110484016,-1.876552706041874,-0.8239354869719996,-0.21596052035023222,-0.18820243877282114,-1.2894805872096875,-0.12887737868875357,A,-0.8256913036108847
S0602,-0.9221653241776254,1.3748764191481848,0.6197114459661363,-0.7191094514491859,0.9374774925069249,-0.10358685340578061,0.05844948070564989,-0.5090938053115694,A,1.3849484870983504
S0603,0.8696059201056602,-0.6459641791245353,-0.6353623888256293,2.049812095785926,1.6350663945275195,-0.2138751675546389,0.9126203225404405,0.4853599075531901,B,-1.7602050561470506
S0604,1.355637858804951,-0.7991920066502536,-1.1896666590903613,0.000682818957482628,1.311693449272661,0.9703162017882814,0.421716933003097,-0.8491048509902235,C,0.6507410370664645
S0605,0.41343490322370086,-0.4827435221820324,-0.6243453897132241,0.7821300015314592,-1.092141593428733,0.41875996012749656,-0.0596543119921916,0.3056655686425959,C,1.4763733788711084
S0606,1.876795812558066,-0.9533286082587124,-0.18452535765584954,-0.7908993816675531,-0.253676077542381,0.22058353773736078,-1.7016658582874162,-0.7312545688129569,C,-4.054050084760234
S0607,-0.773789199103573,0.12267031599479553,-0.6047446645382127,-0.7798529462216388,-0.34516470544979644,-1.2709517210922827,-0.8097248357672839,-0.897659385275054,A,-0.0353929251300813
S0608,-1.244654703311417,1.6246784584695606,-2.205566057099069,1.0819848092499422,0.4892545350763276,-0.3785797432131542,0.18780033804252202,-0.6374874348250117,C,-0.11673064491608603
S0609,-1.7787202489042786,0.3230792731160291,0.8970661968871322,-1.3495762115515322,0.6863535550145331,0.8986691603391742,-0.7871740699869963,-0.3754074464839619,A,0.0718485092054428
S0610,1.496044311489183,-0.2523535021262876,1.2748750412787222,-0.41521376790527154,-0.8388926740257363,0.037696573123922904,0.20335945999876773,-0.048829835933703165,B,1.7115579209900993
S0611,0.6543656563540577,-0.2918112689155441,0.6515219913395057,0.03402741107223205,0.06783851391693768,0.6595314695891383,0.6817434088151417,0.23545579511111434,C,-0.7636308663285756
S0612,-0.05558467091045507,-1.563190808696657,-1.1376856704248166,0.11137260184005242,-2.0199273321561364,1.7665118003276337,0.9625028858001017,-3.688365291428444,A,-1.1845085301794887
S0613,0.2799686263198203,0.883109777147159,-0.20149153394751798,-0.17909328501615626,1.44194500580189,1.0386060692088166,-1.2261793578126834,-0.8076505577467649,C,0.07912268275917479
S0614,-1.1254890472983765,-0.07783719701280203,-0.006521315229458062,0.3958197810959231,-0.5123742406766936,0.09315833769974234,2.196646054978954,-0.39156997735603927,C,1.1243134413060067
S0615,2.4457519796168263,-0.18047991359062565,0.5987943895619102,0.6928557558178116,0.05586393984449697,-0.5109891701957271,0.7674793445541306,1.50506203860833,B,0.5586348831048197
S0616,0.1292211819752275,3.193107567844861,0.6683404887180808,0.73463754545933,-0.30964971398806124,-2.5535495960558983,-0.0017141536690639572,-1.0800026083821321,C,0.03432199683105384
S0617,0.10939479460489289,0.29875290836568624,-0.7341737987784958,-0.9858038086678267,1.146027575013415,-0.16838492247285253,1.0895365830766406,0.16279661809991253,B,-0.2292310028121693
S0618,0.725766623898692,-0.7517910500951843,0.08199555641356042,-0.2841550979287972,-2.837506441397379,-0.32601249581684916,2.3654077719999735,1.4950303097358375,C,-2.0069303289812357
S0619,0.4810092317367132,-0.4263575962055433,0.4572804046152411,1.1947628618769377,-0.016610342325908987,0.3903661943953757,-1.4387201010568695,-1.3129685299472729,C,0.585862528617211
S0620,0.22388402427913137,1.1484457091967548,1.4558223221467665,0.8946471875738723,-0.10581875749769788,-0.1539052269746876,-0.2252626424913536,0.39397522586440237,C,0.7053405829585855
S0621,-0.7904744554453119,0.11327041053776446,0.7045065398247231,-1.372859451481064,-0.4536363875916828,-0.32038505943679435,-2.3784316598733284,-0.8022718339345204,C,-0.6923335681532666
S0622,0.4714683571359957,-1.4382779783173667,0.7890566873755189,0.35147990035220167,1.7262265456356325,-1.7793989305072206,0.19265153264802468,-0.5046337422892345,C,-0.4647198667929127
S0623,1.8820244964750337,0.9192289345752035,0.08382662792936094,-1.9782252493748103,-0.8873294588557712,-0.9399678291500665,0.36539424192514075,-0.8031108339533145,C,-1.0482290209604836
S0624,1.3454200461549777,-0.668144085538994,1.4104591452035038,0.04693490206036963,0.7717961772356612,0.4766510408005575,-0.03916211544275943,-0.7318573084158859,B,0.8681234727892986
S0625,1.593186626639397,1.8732977762175456,0.4097627959594974,1.897767016745977,0.35625278870608357,1.7159076311326944,-0.6545335709983099,2.721912147906493,B,-0.36586628069437727
S0626,-0.5112156764311852,1.0800480657146485,-0.8610879101735704,-0.9478927172689863,1.261519252535516,-0.09752538374562343,-2.0495145161883253,0.8444558720716657,A,-0.14930466732200925
S0627,-0.9896048202585809,-0.4473218956587512,1.4033699701251907,-0.8343230454915821,-0.6671890847775054,0.3278110735741233,0.3735336834117687,1.101737861786209,C,0.6292641163439292
S0628,-0.12578692009964815,1.281016361735113,0.6979032725390276,0.7640297815728595,-0.732968899123759,0.9524781569528054,1.455434483915325,0.49199348683649613,B,0.3269740534294587
S0629,0.055724912288694604,0.0678555105274033,-0.4430440211284823,-1.542801515209646,1.0960699074773985,-0.8108939362002497,-0.591018455733432,-1.606256788401958,C,0.5632811347670267
S0630,1.0941915184709485,0.8527736751222195,-0.47949296739924335,-0.6327550298850391,0.4253213083301104,0.36681404328544226,0.440059929023145,0.39495797032330715,C,0.17483730603549721
S0631,-1.6924646297148194,0.48473281729447476,0.2965755451407618,0.5964411375817527,-1.5449373466767586,-0.7404901063321585,-1.5681443134200506,1.0729296145073466,B,0.19711833512270038
S0632,1.5295503194606137,-0.8463566549908735,0.4631847952675847,-0.6342858476894031,-0.5393050144632704,0.8648244384910113,0.45721306369251385,-0.8533994740391114,C,0.1876378543642535
S0633,-0.15800789857898942,-0.643549832317462,0.19729226563120644,-0.23596998721097162,0.386382653848061,0.15140304795173262,-0.39338229774465705,0.9653266671611266,B,0.4529157593490103
S0634,-0.42688106994742003,1.0299608175811612,0.3113086734428849,0.7441857103150346,0.8377642215465891,0.2984518139814398,-0.7624179506029144,0.7043362098540789,B,0.5015070917140133
S0635,-1.0121043752601675,-0.33477533210654087,1.6999573745763805,0.42154608353656126,-0.6792306531929551,-0.7825985974185891,-0.7603636412161305,1.85204004481367,A,-1.2247079607460514
S0636,-1.6548566718657693,-0.4036484632419967,1.0715431522348857,0.2668183962954019,-2.914255989816941,0.7070323596107849,-0.39361158203300994,-0.4177830125136188,A,-0.5971942512852318
S0637,0.8231705839619146,-0.955122579349353,0.19063559126502433,-0.33912227927003874,0.5232231857370332,2.084712921231016,0.3824333156925354,-1.0976109822757267,A,-0.20335826350199554
S0638,0.07331796718840389,0.42359906559346105,0.9413105807674833,0.37006111526895535,-1.2203206899439758,-1.0079116954282061,-1.3121632011955178,-0.36162810937254564,A,0.45181825649554924
S0639,-1.2899608997410539,2.062524919243145,-1.0325239035275395,-0.12373268009975662,-2.0173387981224113,-0.3397590076475238,-0.39711533156785284,1.4355709931636234,C,1.5974233628262424
S0640,-1.295078772063616,-1.0675329142542729,0.39792704994680894,0.45780560992578473,-2.832325924984141,0.23160747416809183,-0.04147177799914767,-1.828405880841963,C,-0.813223031633301
S0641,-0.3357846992901282,0.02421945667275807,1.80930634973311,-0.49693202511797824,0.8139808601977412,0.7864062119958165,-1.0990392245318592,-2.0683757154310323,A,0.878651675380188
S0642,1.669021525289393,1.4122205554154292,-0.21804589539237385,-0.18256897437954112,0.12861745040496653,-0.5595462852894689,1.796665201675017,0.08939527893161327,B,-0.5689465122804294
S0643,-0.2595913513636048,-0.07964139124571515,-0.8476339286190848,-0.9899577925520139,-0.22565638071225164,-2.83303029014274,-0.8534954800613416,-0.44258929277415615,B,1.3705168356446544
S0644,-1.5031429531181062,0.4523717962497339,-0.6520888885930607,-0.0350076100062359,1.3890243629627617,1.359189494164025,-0.6694369136334904,0.0077278931756846435,B,1.9123439317969537
S0645,-0.24574306408594432,-1.0623935281468797,-1.0896330373423884,-0.8110008636288448,0.6373246830230725,0.7605061195841426,-0.9783079498224979,0.9453117712358652,B,-1.748013693628663
S0646,-0.2727235697476705,0.4283070972076486,-0.7847619081277034,-1.1140464501619933,1.6163000427219165,-1.742947530486665,1.7984800871381175,-0.5525693461188524,C,-0.3263335657073688
S0647,-2.6968866429415717,-0.18714426500454878,-0.370508098590029,0.25866114785538813,-1.3927354721669964,-0.6075687917795559,0.5529052285994815,-1.8730058309306206,B,-2.350244682017548
S0648,-0.05429486651781221,0.985729995679863,-1.405567019178642,0.21273977585766032,-0.034550623953963515,1.5681824295273261,-0.9365920062436421,2.044481557199944,B,-1.6898360245591053
S0649,-0.23093453020867796,1.1873860515647512,0.015618333949603047,0.7828737349485725,-1.6167133749480143,1.447796418457866,1.1062315588599687,-0.9972282874387761,A,-1.6275252402537044
S0650,0.6962063648134184,2.589563642018614,0.9022771737866472,-0.43112556957509907,-0.22938233185546722,0.9386400226789446,0.2006986942888783,-1.0590371220120975,B,0.6240659748112869
S0651,1.8489560949453452,0.5796331732135757,-0.9077561801469204,0.4080528468367557,-0.24861585376667736,-0.17611243395986265,0.2572534211115017,1.1037200137225964,C,0.4369836443271035
S0652,1.1265650295477574,0.32579631658216646,1.5192839236417688,0.5507975722736632,0.6266136372630708,0.08298741881250997,-0.3444772087524527,-0.38448912104151794,B,0.8012444546610487
S0653,-0.26888869055483056,0.19438430157733602,0.5107920885275947,0.44477380783159476,0.04556388114189831,-0.1309258051261265,-0.7494159869569733,-0.06338985203481078,B,0.6079165183749211
S0654,-1.1065259087416703,-0.35316629281068834,1.0305805856240573,-0.8256536828021421,0.6234071382799156,1.1282397832688376,0.33776609905460137,0.48279012406031796,C,0.4850648214662459
S0655,2.5733598032498604,0.33848384346169114,-0.6578345538521371,0.1493634822711889,0.7034401331388942,-0.8758424064951101,-0.5450872299955903,1.0835831031099956,A,0.1118570513446818
S0656,0.05921843401448826,-0.29540141013902943,0.8545252270666157,0.36414029605466136,2.154928677383142,-0.8057996548842047,1.8167556295751046,-0.33346069318177196,C,-0.1308803053453823
S0657,0.013929291912946203,0.1684609762696143,-1.091933900395313,0.007178466907941942,-0.3152966552861244,1.0102745868360157,-1.2692911052431042,1.5199520059142992,A,1.0195977320447756
S0658,-0.024125087110003277,1.3175975356079597,0.8902475008365087,-2.0864776583710847,-0.941022700666379,-0.044361455511561634,1.5361567728549452,-2.1357998487348056,B,0.012277889024038651
S0659,0.19808476076785494,-1.0065425652796411,0.17183933979353122,0.16048962397348007,0.24608361531640882,1.378467355453808,-0.11131884879780068,0.7597872369530771,A,0.5251789815885975
S0660,-0.14436041192394247,1.1398785611290454,0.5532512199847837,2.212531039397242,-0.8022800271395435,-0.6715122069805457,0.2990857340211059,-0.8395275580176573,A,-2.3302853340321397
S0661,-0.5736620068802363,1.3171150673398653,-1.1755946056248516,-0.3600392687569827,1.481960768436536,-0.0547783603388251,0.8331577666294346,1.3722713166079914,A,-1.17506908085908
S0662,-0.5468589412403921,-0.11806852699107874,-0.8950698422766047,-0.7280770978553212,-0.28321803894523256,-0.9224129848439533,-0.6302492950044363,0.14204447883054525,B,0.9802242536452651
S0663,-0.03275327021599839,-2.1218548990085946,0.5972282182533848,0.3733485597113982,-0.5655763678739903,0.007362681423567135,0.8642483846986365,-0.6729053320094016,A,-0.6684349334331847
S0664,-0.543424771133765,-0.6078219870944325,-0.9483480042242007,0.3123782104665717,-0.4713157211511179,-1.478546936998799,-2.7075438553811773,0.6628410930216325,A,-1.3953575178324074
S0665,-0.7128457826771644,1.2969945465611092,0.46320629209912306,1.1927351654164144,0.718417423471641,-0.4876334209549628,-0.7199895332219391,0.8931883472072516,B,0.64129233148137
S0666,0.10643022769189683,-0.022868062298882122,-1.3671378064602457,-1.2578681559088878,-0.15774698323148525,-1.4362538649281178,-0.9240628073410654,0.6418941228586382,C,0.0013343252784288457
S0667,-0.2549772174208553,-0.9993022322949108,0.8481742126666681,0.7313802525749924,-0.6416668201303823,0.6939232331912581,-1.2535060123717616,-1.0296962396330605,C,-0.40693917131358454
S0668,1.5039929885826886,-0.5047749212282174,-1.232523314768509,0.5904220612514635,1.665351917623531,0.7165893397596517,-0.21495483807895113,-0.48401712362208477,C,1.5091109687410915
S0669,-2.650969808393012,0.840620026504553,0.5522999376795232,-0.1421465369405461,-0.8561698406617501,-1.730262730484345,0.3857499681816948,-0.004072837121435025,B,1.3374341079154177
S0670,1.0915068519224618,0.5467335682013793,0.6256309336460009,0.33868731792169,0.03556607403299353,1.3338857455005728,0.7026599984993058,-0.0412596526500604,B,-0.18783719961506878
S0671,1.246085192497629,-0.23893209916969432,-0.6967718184295749,1.0294574815983573,0.6523061516102304,2.497415126419854,0.2408767572004076,0.7497454754383477,C,0.7223753048192962
S0672,-2.0733902324081495,-0.36682441181468756,0.5820265670847269,0.8723153800284503,-1.6313351104170732,0.04600638673634095,-0.6656934648935469,-2.0149012325066082,A,-2.238703812238559
S0673,-0.34268759408034877,-0.3917581490438219,0.26044226333355597,-1.1430193120737286,0.4802605014059249,-0.6411142602246448,0.36901643782516713,0.3343270545535034,C,1.0933590328972784
S0674,-0.37144086599579146,-0.9224101844985025,-0.5388418561927383,0.8201581867554845,-1.0551076754804494,2.8243305910030463,0.12428569485085071,-0.2899813544366399,B,-1.0865865087360398
S0675,-1.4075116947178212,1.6153756894694418,-1.008554684076208,-0.06468860503251848,0.8227827808340025,-1.3189684983025107,0.9360561679360162,-0.8385006163839522,A,-1.452141935416829
S0676,-0.7778166875908753,-0.3223204692113399,-1.962625691672579,0.07287409801551539,-0.9626510119189763,0.020106466869098387,0.7769367029315166,-0.7424867777695996,A,-1.7852650478415524
S0677,-1.1105758454658288,1.2171585208254965,0.3496500472996937,0.0731969910016945,0.6927690318488605,0.17962227263192343,0.03047641392062887,-0.2145376645179636,B,-1.8625518897786406
S0678,1.7522704434236227,1.5213160519224513,-1.5648027713620551,-0.15024298879825998,1.1058330662947127,1.3451476204524146,-0.8972530061612568,-3.601085104459518,A,1.0803255409004417
S0679,0.9356783931474612,0.9983108981479604,0.0953441994413082,1.191707497107065,0.8614365256328049,0.35973897512678843,-0.6529501558320808,-0.70128957079155,C,0.6311447092848549
S0680,1.2715550949941588,-0.4316203127180484,-0.2634482160822491,-0.08371795984921201,0.2513166482381024,-0.4986338957884514,-0.5497893596380333,-0.8758148246462933,B,-0.7658596426094598
S0681,0.7216720640432351,0.40373009033660945,0.6791427754381955,-1.1195461283831687,-0.23130094292969944,-0.9511843703879561,-0.31526633391625575,0.5327832093226242,B,0.8548990367382083
S0682,-1.1290517712172292,-0.024195606390916165,-0.3020454994898642,-0.39352985596972884,-0.5764195763348439,-0.34182182024613555,0.2680504275897533,-0.8055266825105205,B,-0.5949814292091709
S0683,-0.5245202662797737,-0.9037018607301281,-0.3294477863470914,0.1786947168104756,1.471034690817104,-1.0069273609451441,0.7151743901280584,-0.2151138001704899,B,0.323649441488623
S0684,0.48937456122791806,0.324359281721603,0.7318707042882956,1.2292147842970504,-0.6994952201676432,0.04782531978468294,-0.05111869301537766,1.542276627661302,A,-0.4823090268978925
S0685,-1.2221278088919454,-1.1790397911598025,0.3350580290841175,0.6030946849488336,-1.0370660735699961,-0.5641961798604865,0.016124787900472438,0.9943515198154235,B,-0.11996312886729316
S0686,0.7129984301723881,1.1876793884615637,0.3161559571827783,-0.8505352787470439,0.66536893503283,-1.4940377932897506,0.14330630500000371,0.9022713999434526,B,-0.9081969077676442
S0687,-0.24032539815813503,-0.4646172972983931,0.46926758980852623,2.4851899166788916,-0.7961368031864954,1.2551457883749038,-0.51590531313234,-0.4998724304108518,A,-0.7598176288010622
S0688,-0.3748208075495975,0.2011596558728393,-1.5355721232071058,0.2647753109779796,-0.9500634974661272,-0.4976725234290394,-0.9253922576429561,0.5430322792896524,B,0.5440961809526252
S0689,0.7109599682034915,0.28328787154614216,0.756788679986982,1.2753907379990148,-1.443604262169765,-1.2681368049753126,-1.7554378973107099,-0.23389780045359396,A,0.7047789667612497
S0690,0.44426331148603976,-0.25890497370407733,0.6124687940136023,-0.15171443357722914,-0.4829098394605177,-0.16825913448754154,-0.6951493580768724,-0.19609321067693788,A,-0.41412411478061106
S0691,-0.3609661658190799,0.5866938014752747,-1.0166831285764972,0.5333592447054494,-0.0827150238964932,0.06837156596765875,0.47314545326778695,0.4096853437465497,B,-1.5255402442685426
S0692,1.159329803364248,-0.47490365662252443,-0.2440804736742013,0.8394685045184047,0.24309172766069878,-1.7464667255790336,-0.7029114380395675,-0.5969935884209324,C,2.471247044911231
S0693,-1.0810633275998973,0.8712972974572442,-0.039307287627631186,1.218194711754256,0.9513062442994834,0.33164766712576277,-0.2378070374259397,1.4930031044432035,B,0.03669665823123859
S0694,0.6159356069442637,-1.3459796802467485,-0.1344967844017327,1.057368305378225,0.5268979236657937,-1.0471575686902646,0.46643128741231693,-0.16013013959793715,C,0.3121408294074028
S0695,0.5931012579683838,0.12637957954641182,0.33385996656853467,0.8721970000729778,-0.1908722195531798,1.7110288091907877,0.5206894964226687,0.618360566259665,A,-1.261329798412582
S0696,-0.3095464393139903,1.9389289990582848,1.4313667818311835,-0.3150867311941086,-0.19819567637971988,0.5239605120767348,-1.079532852166039,1.455600479257298,C,1.2152335489844328
S0697,0.326133022242118,-1.0003313246055747,1.0817667276728287,-0.5717460419560614,0.5101574689151834,-0.39989999010931654,0.9970593564536414,1.031653774575175,B,1.367895263158605
S0698,-1.251113576385303,-0.6777449705248515,-1.3122191934314063,0.33260751032419755,1.2725701629285695,-0.7451677703173505,1.1273500893554853,-1.4089191026905246,B,-1.7080348576403142
S0699,0.924027019206901,0.513907849658915,0.6220699903060487,0.9331280723410693,0.1263141994832002,-0.10496770756362395,-1.1298498572185598,0.44489589500988425,C,-0.1023856276254179
S0700,-0.18490213644298903,0.17958178193959795,1.3289333195354096,-0.22272070077660705,-0.46913085421040895,0.6127907415832897,-0.8238368696411541,0.8507193944606469,B,-0.18043697061963715
S0701,-0.5227230205190395,0.3506300992735592,0.38680852068920263,1.0651719657143865,-0.9928660010855455,-0.02549412858519966,1.1910906831461916,0.8918630221607488,C,2.388446816546841
S0702,1.0490092258368893,0.4891871301476635,1.090980425185967,1.4526167454861794,-1.4452052644122255,-0.21715880713685662,-0.14685352125530088,-1.1132948341146311,A,1.4436138071278952
S0703,-0.7043436905427592,0.6347214685617699,2.012270445700765,-0.9163209190734197,0.6662696720435232,0.058370290817895645,-2.219777947451851,-0.6570352370173239,C,-1.450778413969171
S0704,-1.4084612963635597,1.1096998419562232,1.0237095461069814,-0.8369207037962799,0.5779785236395572,-0.6038589312369547,-1.3996815047326863,0.9945582357416216,C,-0.7280521795492748
S0705,-1.5566291735239037,0.40981865692851255,0.24930859564172886,-0.14037505890533644,0.5773635251066616,-0.3432059268430377,-0.24936962517248124,-0.7617603706826457,C,-0.8929940151805965
S0706,0.6060099513456396,-0.24125765461854246,1.0450884740847535,0.3076126681891964,-0.1286594463520559,-2.085792438905004,-1.1630426502846019,-0.29969605666431426,C,0.371676376850925
S0707,-1.280429352496283,0.6725737012027313,0.14488783309689118,-0.524567013767051,1.4069347458917507,0.9737262308523678,-0.41342377063644137,1.5758758095019694,A,1.5722088807644028
S0708,1.7547941819843647,1.8998819348952156,0.02390304328495547,1.3522026788671444,-0.4841184945848177,0.2987977803217619,0.03239621368357873,-0.04779925038478981,A,0.10917403255031957
S0709,-2.081929407883722,-0.13263374638257355,-0.35141423571373254,0.4240668615184512,0.9552692372072055,-0.7734558440334302,1.4622546040347288,-0.726774137833843,A,0.5011662364378279
S0710,1.6964563682900382,-0.9745293046706415,1.5634133588321082,0.03944704824073949,-0.038742894989543024,1.8987349813552388,-0.29045391622778904,-0.8776173568629051,C,-0.6643087043431437
S0711,0.2110174672026184,1.1070806692869728,-0.8184286659420014,-1.4359095238685275,-0.6083507646793376,0.08701648039238655,1.0725417995727589,0.33271932958518796,A,0.49580769815947084
S0712,-0.09671311187039239,-0.12038116395359824,1.532367724678116,-1.3158158164275071,0.5925303073177614,-1.0361435719751968,1.4287601620367705,-1.333148008477209,B,-0.471917834014505
S0713,-0.5449190868089497,-2.172669546014036,0.49986412374037137,0.2810092502818063,0.4096361186839937,0.8567374214704584,1.434309669352076,-0.24733596389641815,A,-1.6407595313306416
S0714,0.39913611435207086,0.8474216771504216,-1.3993061748019415,-2.132595626154836,0.3569727592669261,0.3980482165092625,0.28475459338556824,0.33323053499002175,C,0.4308707091351166
S0715,-0.037634702424848364,-0.5353281859539227,0.3676492929914216,1.0126374096440718,0.08127842205619876,0.39457998548421935,-1.9632891478389742,1.2991498205476675,B,-0.009852421611612788
S0716,1.1033018820165215,-0.09053328230416077,-2.100026507651624,-0.1581538443723203,-0.037893081716830875,-0.4257556046515905,0.4608248654038653,0.6675480803699957,C,-1.0971975431847565
S0717,0.11422764866203965,0.33198033056901455,0.6255080168310357,3.2430929695947333,2.3883719928704386,0.4504957237780347,1.048399887813541,-0.7140651179821788,B,1.6453853251039992
S0718,0.1503017614618776,0.1904996797790664,0.885231482988991,2.3079162506161106,1.184256645196173,-0.26175829022109454,-0.08106710543541713,1.17841931756372,C,-0.7664539894617151
S0719,-0.36361221221385587,0.7094518171390395,-0.5923559556520536,-0.18144906924751675,0.7228268949855121,0.5559414516458422,1.7445838700752485,-0.29951503754747755,C,0.6091013144388354
S0720,-0.056945623721067457,-0.43548637056984335,0.12354769595558233,-0.10633700253131496,0.11179915820338826,-1.9049444540106388,0.8598335614674577,-1.235703022049409,B,-0.3625481905501642
S0721,0.3078017688920592,0.5131057981760827,1.9541574337502863,0.9955815140020298,1.0071572005966691,-0.4338734629791891,0.5682733771527843,-0.1720413592654725,A,1.5435772188575818
S0722,-1.7101683926566256,-0.2595466775839172,-0.5057467042619367,1.7031726099180378,0.5179947763914519,1.7221550978081948,1.086380711205838,1.438169201145702,B,-0.23758791372856586
S0723,-1.348185422105713,0.738810480887503,-1.0589075870566005,-1.6380290574360168,0.02620475277403566,-0.7670674554003005,0.3333698512608781,0.1652400500649252,B,-1.674628088610252
S0724,0.743264094022715,0.6153674840130534,1.4816634024625988,-1.7863754653546866,-0.30356432526591504,-0.6038382974931866,-2.4928104993953535,0.012521864329786338,B,0.8100021142190945
S0725,0.17086543812794186,-0.9354387020445953,1.9625871905307948,-0.6220348055543814,-0.0809173376626882,-0.4479613384499751,-0.49913895147036563,1.6372116447028533,B,1.5395439876897339
S0726,-0.18398333635267913,1.0859821161750323,0.0036956718478473255,0.5827375831738644,-3.1704257358780557,-1.2148061358886433,1.1971680272478535,-1.431354847054427,B,-0.42761139759599337
S0727,0.01843393306539316,-0.535963445114048,1.0114630354083562,0.4968735905075971,0.21060083929764178,-2.208280776228252,-0.807591340098296,-1.2855991140527723,C,0.6788848096524487
S0728,0.34758170536167105,0.8080577982811451,1.341475915530881,1.0697714549838502,-0.4884760801103597,-0.23058639852361285,-0.22347250523693915,-1.615846470966832,C,0.12943160504877893
S0729,-0.5397596803093615,0.36728731340134063,-0.742484232538384,-1.1996975283653082,1.592669998282884,0.13585942408165688,-1.0448363139030712,0.3726481864800551,A,-0.3827159554255117
S0730,-0.7783047254023127,1.8381836767951225,-0.4853058353678683,-2.3161438629688766,0.01934407081175429,-0.05250506853865217,1.783922595201769,0.1664931271151245,A,0.8407603776220373
S0731,0.19584525509768155,-0.22346598237185214,1.230874513154735,0.8580141953021454,-1.1889634195349619,-0.14487856194788684,1.6814924574180155,1.542736367279776,B,-0.800035989352325
S0732,-0.978372777615032,-0.3493167961181975,1.6850142787085094,-0.8281962729652346,-0.0498801541281177,0.043040870850387644,-0.8838688951407293,0.24347507713677022,A,0.03249520478711702
S0733,0.40825275571447184,-0.01941960588773261,0.5628808601743548,-2.018487864388638,-1.0461210850625042,1.022841471550764,0.147298000389084,-0.40415715947930275,A,0.2573567266044524
S0734,-1.7025836042378404,-0.30317978283427544,-0.8798143535020543,0.14506374595938162,0.4734074157124664,-0.19044618592921678,-0.6804940477640476,0.0017948728781070852,B,0.2210893703587029
S0735,1.0291556373256436,0.7999419019420501,1.9870611116994412,0.7931756882186773,0.29094736433948537,-0.5740825770872696,0.6149446390313781,0.1177074184609581,C,-0.7754067583538699
S0736,0.472597482413043,-1.616310608436588,-0.5309708978119645,-0.12205713212127726,0.9578396311082676,-0.2811254848880863,0.509683077242329,-1.671761273328167,C,2.0596052199686836
S0737,0.25602973431387566,-1.053682419146354,-0.33513778117145177,-0.45784838618248924,-0.7908817916945654,0.5793467597567757,0.8117055716132655,2.710331644334893,A,1.2622453328221122
S0738,0.9826909839455139,-1.067802921579193,0.34233783448962146,-0.15936223214590656,0.0340080962281468,1.4120268785432495,0.3319184477078873,0.5198710181019115,C,0.9904125587495874
S0739,1.6654744444625766,0.9503075919735757,1.5541604207147741,-0.37058276240078286,-1.3650217954266353,-0.6281437391691783,2.935406206388468,0.21000830802258905,C,1.4332129749778615
S0740,1.0143700650181304,1.7106133725819253,0.8539759765522237,-1.3480471119401671,0.7014947819247145,0.09893378702888371,-1.027923765010739,0.6151639842785803,A,0.06876154773738401
S0741,-1.8408742313316453,-0.1044492185374715,0.41486550036191044,-0.7146806769904318,0.518871180440122,0.3383574419359596,-1.7106033544365142,0.709410980586605,B,-0.3712903014303694
S0742,-1.2795769667357015,-0.16882172319001063,0.4632885301181062,0.5212799050138145,0.49580502102757085,-0.9925780067288229,-0.3930902007014615,-0.14055348550243169,A,-1.0890357755343976
S0743,-0.6248185776956788,0.07005216311318138,0.04351466864346608,0.3216785413765001,0.00161903135694112,0.02041716721291813,-1.5679882655602675,-0.6312411362407006,A,-0.7034315879526488
S0744,0.026091050210833786,1.1618783026081905,0.5581395145185063,0.16805980596682024,0.4147728907887909,-1.465673857342095,-1.4924622700059929,0.599450686321704,A,-1.0140233803039944
S0745,0.517659020469123,-0.9273531341905741,-2.529560077694303,-0.9951484818533795,1.6043391083085963,-1.7690503037393988,-1.001314654197967,0.38571084053145244,B,-0.5281054814225066
S0746,-0.7257438131534656,0.23836898273478513,-0.29660745906979835,-0.18150316213566714,-0.28509425704201397,0.366746407892257,-0.9221889054316275,-0.8098900990894081,B,0.27647562613317805
S0747,0.18676676447707832,0.9751976297824297,0.241321934916781,-2.1770650464428547,0.1386451837100845,-0.3838747413307828,-0.9546181019500601,1.419035611367264,B,0.9140248992114072
S0748,-0.7553829323533225,0.5010941699398452,-1.151014083619507,0.17847666388538974,-1.0861262991814098,0.20228040762121913,0.5182189504454116,0.29335203632298334,B,0.8863535077888532
S0749,-0.6115178029919482,0.1895816165987434,0.38632331781156,1.4288577078135674,-0.8682609615983323,-0.017894977008350053,-0.5061890610853361,0.7298193622676307,A,-1.1715076452289261
S0750,-1.4066610968482223,1.0010460925671412,-0.20447122098612153,-1.4741321320421057,0.09781329309330739,-0.9764000486637974,-0.17951457487248015,1.391920887679919,C,0.6891293188030049
S0751,-0.9232332461109043,-2.703232292999237,1.75547569831549,-0.5859276733177553,1.1039335467019071,-0.045254301964336476,0.8942327745009349,0.021888821164834777,A,1.1438574374137096
S0752,-1.3516846056163336,0.6778753195309076,1.5730197252148563,0.32910677871012955,-0.25628082425157245,-1.2331013050148552,-0.7663225247814263,0.31695200698411535,B,-0.25423512855534014
S0753,-0.9758732529773327,-0.6540756831274238,-0.46580556911816284,1.2528426344274837,-0.23591652931212392,1.3909723580014006,-0.26454589870472217,0.8100272385061165,C,1.1977500275755386
S0754,1.0536417966078395,-1.830632896856457,-0.15083771156669531,-0.4482246163001494,-0.4068852445043747,-1.3559703448599638,0.36575998609291555,-0.7248610838000522,A,0.8758002601002077
S0755,-0.949398888831943,0.5112025995249807,-0.0739475656083926,-0.6922503292658964,-0.5347566708443231,-0.19578527096858134,-1.9415678006202213,0.054051662846000936,C,-1.264590942512968
S0756,2.632382064837391,1.3736585451629577,-0.4516594761596227,-1.9689231424160831,0.29497145570882155,-1.0422715880472484,-2.3849055089505824,0.1255485866511483,B,2.19173618640787
S0757,0.4933179008808892,-0.13744851462769186,0.19502498402812674,0.10343812930810638,-1.4972576451786446,0.5704211733607956,0.3461173287977227,-0.9560585516833945,C,-0.7156475641499574
S0758,0.1848361236948739,0.9528745472029388,-0.7582820688875902,2.042076040143744,1.2809395766667275,-0.33143137128150285,0.49201428056689855,2.3176367886738785,C,0.9574199478255231
S0759,-0.8583577801812136,1.6122782579886454,-1.1306153349375263,0.2773584619646759,-0.6654222981294605,-0.5186667196212101,2.0642201348524107,-1.4072934434924025,B,0.921222000398584
S0760,0.7003098794089914,1.3149144535840473,0.6227112239002686,-0.022278979183713316,0.7219034854381414,0.8532015450515544,0.15809487586680993,-1.2981039036871578,C,-1.2240119016099749
S0761,-0.5756378262377739,1.639964529371393,0.6295295842218108,0.32208231076698546,-1.2699985973938759,0.029430591677552183,0.8197397172580948,1.3142265757035791,A,0.17897948450604165
S0762,0.12200981464536144,0.7421274910718922,-0.8043157596599924,-0.01109200394860206,0.6688401305462182,0.5166444459359673,-0.19547264358597383,0.7132662507965424,C,0.9089163105392096
S0763,2.5600845382687947,0.0754336389015928,0.8953554307625996,-0.8130143722601298,0.6719446078144975,-0.9813259365174648,0.29722722158508635,-1.0259648174807778,A,-1.2346133079847001
S0764,-0.09605989972464987,-1.6019658118971685,-0.6315777291653314,0.8232799156777053,0.3842020720058965,-1.404816943927507,1.667256841749534,0.6072890151016929,C,0.09961615984631164
S0765,1.1492733262856758,-0.24606248812994858,0.2531652380379812,0.2257615231117544,-0.9944285217997922,0.10720796204013365,-2.1239928181256356,1.4678504449973098,C,0.992673054368966
S0766,-0.7031764251258874,-0.8432465953161917,0.820344012612456,0.017613251933657315,0.249548189598077,-0.3188463554947312,0.4136162575716805,-0.030263057596985755,B,1.0572405997871053
S0767,-0.0349884904969617,2.1709427174978138,-0.03361256470371301,-0.97536602727825,-1.183056184734389,0.6264346724539442,2.135586730077366,2.598822900074582,B,-0.39707302428463814
S0768,1.77080063563551,-0.1758858124323366,0.4547409121411344,1.3035079319347591,-0.25276325509618536,-0.0799084526625497,0.2820342192093425,-1.7240618108680354,A,1.54436921590882
S0769,-0.6269670577877674,0.12320480678448567,-0.5164296438875717,0.6647027453331099,1.029413100955326,0.2050753392346299,1.6505729632328479,0.6938234538591022,B,1.3055220583513327
S0770,1.8124485579969287,0.5514853760404675,-0.19646658342809717,-0.552920837367302,0.796701927070742,-1.6233825299412434,-0.6292121495294424,1.1665283362210033,B,0.24122796394240045
S0771,0.7077519354554754,0.043602446372453724,-0.20585943088034037,1.0018248536819372,0.015182942540433121,1.8884369396142566,-0.03204749416371351,0.8913439016052467,B,-0.6589514432671091
S0772,-0.5624667758942676,1.695051040430753,-0.7465783465402389,-0.49757083838520716,-0.9748065759228419,-0.16424198503203188,0.03352470238858753,-0.20435572664564833,B,-1.1658518220320357
S0773,0.632407739055521,-0.622649361734452,-0.1767741631157821,-0.782003492511037,0.6455877121741934,0.697586970339199,-2.2175910793587708,-0.2904414820111494,B,0.37754566144911406
S0774,0.9725544496267299,0.1946074552372427,-1.5486182988637467,-0.7597031174802871,0.019381237698025213,-0.8360916702196265,-1.1681778278502002,0.4441451710872574,A,1.4645125710568294
S0775,0.6218099622171964,-0.7424705856980482,-0.4911537471421047,-1.7710685530880912,-2.3203155982304233,0.3080099022173409,-1.096875079383986,0.8157544866520694,A,-0.1471526657771903
S0776,-1.5702247198904564,-1.3200225112207058,-0.28487549336967083,0.47154238041820573,0.7826298263165181,-1.3028447635247453,0.8220660780325274,0.6024734362823633,B,-0.8590818437412217
S0777,-0.7271371758248686,-0.6117690909052854,-0.2561797524953801,-1.8311448783383502,-0.024232833869692147,0.452067838259671,0.872153105684055,1.0400578907933893,B,0.8249238851759952
S0778,-0.24751863555150475,-0.03703679704841202,-0.24149744587077882,-1.2284438312657626,1.2024512479830722,-0.3559740843858328,0.3240364427065333,-1.0188699570667352,A,0.17451249618392536
S0779,-0.07443342910004629,-0.42930222451725997,-0.061764199860128925,-2.0755880090785332,-1.0952705188428047,0.029190503935567446,0.8241028968557058,-0.22777097912363464,C,0.5159049871985987
S0780,0.620672097550678,-0.692420979873856,0.4794415180860639,-0.08606969279089306,-3.1767038131960006,0.6979740301300975,-0.16414941272177394,-0.9400159321237541,A,-0.5252786709698904
S0781,0.17770100093325383,-1.4063174636718339,0.8745170741325226,-0.15032046027187207,0.2790838583451852,-1.2325403112202802,1.2019316695395432,-0.38611277608614164,C,-0.36985121143726585
S0782,-1.3353443587101013,-0.08310557262869477,-0.6497652268482671,-0.32669621318636405,0.29156367668197275,-0.684491730612797,0.00878844263207182,1.0152208918143053,B,-0.5299956636731306
S0783,0.3801978510059632,-1.5047203740310022,-1.2032008553891445,-1.0425776946705763,-1.690671627606452,0.4573242810867655,0.05786404742675647,0.10798392072522883,B,0.49916912281783493
S0784,0.6105857452838231,0.7600559636896026,-1.042044412243103,-1.17223375343664,-0.9784995458666064,2.098221474546747,-0.2655926332624114,2.6068591631497697,A,-0.3393956804311121
S0785,0.5597904479310398,0.08243975293450329,-0.48720292119492714,0.46436986354657417,2.7552177437199017,-0.13808233466148176,0.6844504776364279,0.19340636718971696,B,0.5924243629711573
S0786,1.0807807255546218,-1.4575514994649306,-0.3519213178165091,-0.5505519317084877,-0.30561061415380336,0.5911361179239325,-0.4211988166129132,0.05969188057973627,C,-0.6213716209419707
S0787,0.8339221545489041,-0.30920907704986345,-0.7699960661974573,0.31635832153614474,0.7309589763762161,-0.10697146985848006,0.9764313771980682,0.10618291944021628,C,0.49750156863472295
S0788,0.4591800792284367,-0.7521564055905832,-1.2961166642498945,-0.8852486861242225,-0.6506598273683837,1.9422455947562995,-1.1321491407160067,-0.6378086928599359,A,0.7037811703160944
S0789,-0.07016571145864703,0.31917451041918043,-0.4561208274741882,0.18106274277108234,-2.0903028988531567,-1.7472216669652556,-1.0989162547281939,-0.057836612377593744,C,0.33154294960881175
S0790,-1.6609609335159914,1.3404504460231446,0.18142662011397137,1.3032780373160637,-0.1702582467959055,0.094621044669358,0.6874267551265042,1.1277880271116458,A,0.9170434467595057
S0791,0.42961821913258585,-1.8751724696457446,0.5950294658355647,0.5861658003927833,-0.2656045602861052,-1.625544033562061,-0.0885442145830127,0.11397066812777235,A,-0.4814564921291897
S0792,0.20768768716311115,0.11502607914741717,-0.5574230531083212,-0.4124138182164804,-0.39987823866837147,-2.5065715705367166,-0.45389141615312834,-0.7934597298834714,C,0.6926421329183462
S0793,0.27157883719537346,-0.1601327955666404,-0.41299782214343406,0.25719897035592737,-0.11464083550639245,0.29746205311781654,0.8900577324754597,-0.9250846204786352,C,0.23334531284098026
S0794,-1.2767485758203094,0.6713400764504657,-0.9266983088473107,-0.24066517453021302,0.26426827164563654,0.13949779614745886,-0.6072614140860845,-0.4502018916658434,C,-0.8097338467569432
S0795,-1.0810565404082624,0.21319662823768915,-0.03143917037477642,0.007880184694728152,-0.15011695125380659,-0.28483693774220137,-0.20020125430036984,0.07386343441088038,C,-1.9070320213610836
S0796,1.0531528533329035,-0.7519693317388191,-0.8484286341908146,-0.3256110521485036,-1.2640061679473638,-0.10619409003975315,1.3992279500711593,1.193586535476262,C,-1.6931601284733075
S0797,-0.03955515385665504,-0.31905393566661816,0.5731278132412001,-0.1643352058853912,0.4861847915619389,3.0982994340712575,1.5391423458106503,-1.3404886413664368,C,-2.2083615029085997
S0798,0.6815006973726244,-0.796025856803489,-1.7858664919341112,0.21209335307417523,-1.9493717553224232,-0.2581751380314344,1.5723982102703271,-0.3198262778887562,C,0.42612927756840413
S0799,0.028318376130461172,1.0760071385985983,-0.3596296724524624,-0.9933586995819507,-2.0503574572842003,0.5101243612500749,-0.2821257769339113,0.14431001943507885,B,-0.32476902174182104
S0800,0.02975613949574519,0.02131164867194222,0.3011073391917421,-1.0158788269899783,0.7391804947015679,-0.6493648196138809,1.2307029049844702,-1.8337057676294346,A,0.08721233905052488
S0801,0.9382838059759977,1.9011906857530074,0.18383451632250436,-1.388542553831211,0.5070202721353568,0.29523257504060313,-0.9489528277686782,-0.8335982829664064,A,-0.18040158346201798
S0802,-0.5160447282173739,-0.060660813814620775,2.6930336639804966,-1.60027110450371,-0.05739536507403601,-0.23823367505561752,-0.906902874722061,-0.6798885397361863,C,0.5816700728887932
S0803,0.09612077694098337,-0.7084067669104628,0.34980002456790754,-1.2172826922204794,-1.395448504755072,-0.41051848272973,-2.350455852624361,-0.7959703738504983,A,0.6109124004478027
S0804,-0.4622752887050425,-1.5137143926128271,-1.0040545968420103,0.15946250680412918,-0.7079109406740753,1.8188985322003248,1.67286820189853,0.1918895450216474,C,0.04290083373577415
S0805,-0.4344962274323156,-1.803139676255945,-0.09546424708907303,-0.8927875154918841,-0.262746747686504,1.177184963184339,-0.8639798490760783,-0.1605596095017974,B,0.10342044659406467
S0806,-0.30917212346863937,-1.5841359430054898,-1.7762463334664518,0.5136144642310962,-1.5958939685741134,0.13674664739923068,-0.12653257974705998,-0.5552861026010363,A,0.14336468837833707
S0807,0.22213377163371284,0.2671266510114834,-0.08059974929676088,0.03471374875256186,-0.7390286580232329,-2.304211935943967,-0.9103243419282839,0.427962626552635,A,1.3917829518338736
S0808,-0.4787486216634773,0.5087250232299338,-0.8330560570007587,-1.9685042134380537,0.6523303381766798,-0.3610092232525697,0.6951652483301405,1.7230747176462498,B,-2.0045985488274436
S0809,1.2557561255735208,-1.5811907020321334,0.9153902755601617,0.6549755842216898,1.4273053642892164,2.7030275644050836,-0.37563366071734017,1.639256516741752,B,-0.6705208949485484
S0810,-0.8946073022195039,0.8950383140761154,-0.5495402745955349,0.8107986455917099,-0.4194347526585506,-0.23066166663970813,-1.3048168904329494,-1.9227717720623363,B,0.8652612935234563
S0811,-0.18687164416135904,-0.4830610516834395,-0.11676591579524663,-0.9938626748348534,0.7564883543160984,1.1032175720536581,0.44166256418606065,0.5770721838351396,A,1.1079024982750985
S0812,-0.4397310582741749,0.14679301198554937,-0.6355578414044034,0.4201915428949916,-1.9140600705874673,1.4419424019526008,-1.4337300248102285,-0.17802329006383844,A,0.4272000835183058
S0813,1.4469778843537329,1.6122206282554243,1.7388513518533313,-0.856498237409199,0.6594512411136115,0.21896391585597508,-0.8374057253154913,0.1551553428653563,B,-0.1841270085045376
S0814,0.19655477651157463,0.8968393158655319,-0.3212427661179117,0.0976703767483354,-0.803948414727481,-0.8418216318681523,-2.106889114626081,-0.39828303354254857,B,1.8615597076727957
S0815,1.0318445394686349,-0.2685306479058323,1.8325570434792018,-1.2644984069549656,0.30734561670797006,-2.4353123317828884,-1.4239581121976068,0.11758862988720224,B,0.17781174992377502
S0816,-1.485560373036972,-0.8911922254152874,0.8141517621182666,-1.7931064525345768,-0.24775241823970925,0.6841632086089545,0.17852916972047786,0.15140739607201872,B,0.030785990176296255
S0817,0.26705026586925884,-2.151815401329305,0.48206672733538614,-0.3828171896129687,1.3204140097838342,-0.8147560028235481,-1.9645360381029247,-0.5789517573489231,B,1.3317853130429567
S0818,0.889630795623437,-0.7191533192424201,0.3687331473175197,-0.12372894627483615,-0.8744356483399182,0.17615045188769213,-1.4811457246217157,-0.8963675478251808,C,0.47555113472368177
S0819,0.08228398927542419,-0.21113023882769444,0.39379729821625153,-0.39767969361460404,0.6276062975618311,-1.2498203395893641,-0.0023689161328080566,-0.4486956826194842,B,0.939830222189191
S0820,1.0654803750653512,-0.987179527151184,-1.92767257934561,-1.1840305582225594,-0.2795074632965335,-0.2652375404702022,-0.5436068960930526,0.23425926445676556,C,1.0569723333995764
S0821,-0.5172884501003722,-0.13125696709230472,-0.2788833941507565,-0.3998990621311371,-0.15830547800966377,0.033719054901053244,1.992036635959309,0.5989963416842641,A,-0.37247162239009696
S0822,1.40934744018558,0.07685188295876821,0.8451579711843216,0.269294752580734,-0.18385389315920966,0.26859358104429787,1.8338965460243755,0.8533489773401466,A,1.7677318123639285
S0823,2.2988981236192503,-0.22485598180807856,-0.04889718347410554,-0.04489303012253698,-0.8456731044941129,-1.1148221873524142,-0.8679224627511536,-0.49419002306691273,C,-2.4621201109260626
S0824,-0.36283856043965906,-0.6500025808234597,-1.405189846803575,0.1825010305992134,-0.014098965906671578,1.1969109487613523,0.5571376184034819,0.28384456730273677,B,-1.9796569078072588
S0825,-0.4455025214007718,0.16865467196672768,-0.05240445057746945,-0.6701152004542329,-0.0626482221218215,-0.5968947847319713,0.7492825568794513,0.9625025919532985,A,-0.680214622272303
S0826,1.453384477117701,0.44194064956940904,1.7041055162554912,1.1717179147161596,0.2412402484067293,-1.6744694604532453,-0.5974788580244034,1.1655948951441282,B,-0.4233605562747566
S0827,1.5795721457307124,-1.090399077442846,1.2468917155347194,-1.1761733365547806,0.08450514569286258,-0.1090234199634638,-1.4955415364982039,-0.05883285413152221,B,0.3626246914354842
S0828,-0.5228600271532683,1.41093237974627,-0.062004009366031745,0.4875602970867186,0.7979945496122363,0.03437530902646009,-0.012298449308057612,-0.2209317249396126,C,-0.6894445375093416
S0829,-0.42018681709585726,-0.09858813228426173,0.9514492770580866,1.1818910929599615,0.9235086160473687,0.16058943317175978,-0.17284567481411092,0.19112423383639218,A,-0.01191838997282392
S0830,-0.2817846088605072,0.018849622944847662,-0.36650702036805183,0.4809080927488954,-1.0506233218278012,1.3621324036850793,-0.4357644969706192,-1.1497074728974057,A,-0.20514267256779198
S0831,-1.344450511034277,0.7082144232565571,-1.703871586826719,-0.20252422706483003,0.868772500590771,-0.23644883673585937,0.44231686816448523,-0.19360951103550808,C,2.0044650639397426
S0832,-0.9186519464841982,0.23321613126350166,-0.9244659881295544,-0.5282970466629792,-1.1863364271098544,-0.11961962436877134,-0.7507296070055988,0.7445863984731299,B,-0.8049756592501087
S0833,-1.0041407667520679,0.9531366339132451,1.5628887685081978,1.036087651046256,0.587855888137735,-1.1031843812330935,-1.151997547579143,0.6419471294437011,B,-1.683044556561648
S0834,-0.7677975651041284,0.2871241652018242,-0.2739930818293042,-1.422974925261673,0.6197387847028687,0.820553502887897,0.10908297034983186,-0.270267604363889,A,1.1190002325401045
S0835,-0.03468488738678118,-0.6124373746404379,-0.24338397937501807,-0.9701242603796436,-1.911316891662504,0.18430906407810346,0.3859700925688759,0.2177182010871666,C,-0.7139565666114869
S0836,0.23421473253652075,0.36150352520610163,-0.29983819627488056,-0.3975577654917214,0.09297924652940966,-0.42002772729416255,-1.176644943900053,-0.8246503402906875,C,-0.09166329085024545
S0837,1.5505004928140769,-1.1437262073206618,1.904136589573007,1.2376537575119981,-0.4684961133603157,-1.9046746934654637,0.9280906109910811,0.7034921482250248,B,-0.6461754501263732
S0838,-0.998354040738791,0.10855970577652314,1.6259589153620633,0.37976763604089603,-0.758765257935375,1.4444121950550874,-1.770481137776078,-0.07782143613647309,B,0.737176098051193
S0839,0.9843223984765838,-0.0332299906444608,2.218780233448134,-0.9680457585102453,1.3508523306990055,-1.2276799644560572,-0.5781134587156433,-0.27595145169613816,C,-1.3742745555547298
S0840,-0.21398884422550896,-0.2081168572725397,-0.1590452104000513,-0.31030770538490365,-0.6536791406374189,-0.5912780093697056,-0.258008536197609,-0.3617238360933866,A,-2.799191846895975
S0841,-0.04946370965243295,-0.12853751143893075,0.29562448874709507,-0.6143231440962944,-0.8063769291180498,0.35834451107600324,-0.6362237126519298,-0.0628938668998582,B,1.2957162884732945
S0842,0.6748194921666038,-1.881849045497639,-1.5166425494207911,-0.7097889922335351,0.07569494000509344,-1.1965579286166865,-0.5650604735511925,-0.44787764493195836,C,0.24747081082315747
S0843,-1.1227220215622986,-0.5487249077409615,1.4769344261182744,0.9788895585567792,0.6855897462984164,-1.4935097782531435,1.871074482308114,0.6581430360025633,C,1.0726444171572447
S0844,0.3824097461840506,0.09284490114111471,-1.167779551267935,-1.3717431292635056,-0.1416485860101269,-2.123947582700665,-0.8508840890388987,-0.3952835480161807,C,1.2622119728929073
S0845,0.1664522082130561,0.15985639199740037,0.2167755637626291,1.6087808557343735,1.1663705456692521,0.7209969529056358,2.441221722471914,1.5929640960273812,A,-0.9164662137923275
S0846,0.4924512640081491,-1.0276751409259581,-1.097302527632844,0.8282296901846228,0.5309756619640905,-0.5451862447263219,0.43712677973105185,1.465210503481381,B,0.06066499789673189
S0847,0.2891686439078181,1.2657078408647007,-0.5888668267386961,1.090861670603698,-2.1782113197314303,2.92727009247333,0.09205513731199198,-0.8915434898545047,B,0.5053884790955535
S0848,2.4553001399108942,-0.8661748482145009,-0.8372624310497003,-0.4629395120252583,-0.5294669635070083,-0.9943550656308734,0.4762403533876659,0.06970426942928022,B,-0.10829207219647255
S0849,-0.637739984251316,0.9694572005267368,-0.6078752606758179,-0.14994071907910936,-0.561842099351699,-0.9214510234289213,2.5299277492519523,-0.650656621336195,A,-0.31215121733579176
S0850,-0.5309969550018176,0.42719436187168486,-0.5391227031489786,-1.433151814524712,0.4793609534294223,-0.5653929702854015,-0.993593003931448,-0.3266475631886115,B,-0.21365118686149553
S0851,-0.6231405264247644,-0.646227309843803,-0.5482687949250771,-0.524662407066803,-2.624817056374112,0.2431346551384891,-1.1204179189363892,2.002427467644797,B,1.083542871305383
S0852,-0.5554771191602547,1.775310892609512,0.8333339117803071,0.4936548476431509,2.549009708717722,-0.47020333878531134,-0.754866196571921,-0.3075714171157992,B,-0.25901219508755247
S0853,-0.6373871273065177,-1.19363683175648,-1.10486279306252,1.2960630617813962,0.53102609489421,0.612332214002512,0.032143146964560894,0.36022603707742873,B,0.6002294676034764
S0854,1.1890165311075518,0.9191541736100015,0.22054142701386686,-1.1071568168024517,0.1488768039176911,-0.9785883899886544,-1.7257711248125733,0.5413212940082783,A,0.3468928036820935
S0855,1.4205042479898549,1.0005823180429783,1.2179591523055584,-0.36550593698526584,1.1815677164191463,-1.381591718463581,0.02233923931860801,-1.0006293724832407,C,-0.96418300517011
S0856,-0.5707462937494763,-0.6706202090766449,-0.513196364513396,-0.15129922023252232,2.343654052812625,-1.7982147394091075,1.693547133413672,-0.8550954744092049,C,0.30196948951412605
S0857,-0.8323555731042287,1.3924653000643288,-0.7179188907476018,-1.3957892021924851,0.8707466445884032,-2.2235741679371968,0.15140739062477757,-1.2060223714081189,B,-1.538671072932594
S0858,0.4714155563864041,-0.2500465145989528,-0.23052462518025083,0.5913492417584003,0.94881309647162,-0.5180690194750568,-0.2926854589752769,-0.8859707338977769,B,0.4014332369443779
S0859,-0.5522230442809712,0.28869362927985703,1.1797252083607102,-0.7239903317426091,0.13069002446438233,-0.3009803123932219,-0.6181604486836274,-2.8500301093171823,B,0.8911171862575001
S0860,0.6329318177555108,0.2603218387712207,0.1941076309533577,-0.19539035117702397,-0.14152575336694828,-0.6314370274831833,0.8985117045515645,0.5445824007936281,A,1.1214140290969221
S0861,0.2029230208512997,-0.1343087414705478,-0.5312142946075985,-0.4519493719118777,-0.47579544400490115,1.243405797187162,-0.8258327732380476,2.05419384125607,B,-0.9526901406292525
S0862,-1.515744114997232,0.8108082731597821,0.48387665118803974,-0.7893385057196743,-0.8261119917145421,1.228030209608135,1.846395920599248,0.14782073903652695,A,-0.5361540713968559
S0863,1.5475052013300616,0.793488720552213,-1.1022921498364233,-0.0070449854805546995,-0.6870140996994973,-0.3348029874445019,1.9333597477143571,-1.4162688593406074,B,0.2840652070645226
S0864,1.7958776730955217,-1.7485319732381808,0.681359510442948,-0.21560957856802238,-1.3505559643429832,-1.793921113191963,0.25675079866178757,-0.642776382899948,B,-0.47592481153544475
S0865,-0.6127886904843862,1.3043402428781525,0.4086073077017676,-0.37185788227866556,-0.07587145068502332,-0.5667051080550528,-0.0115150880766451,-0.4588768450249969,C,-1.9288769827960086
S0866,-0.38770155993598415,-1.6624919880356743,-0.3078084711388841,-0.7284616216803428,-1.6846675772263868,-0.5998213939170615,1.0306598082415594,-1.0175847772133757,B,-0.5416964737564463
S0867,0.28586539072490497,1.0325462043416573,-0.838585798447231,0.31952467078295543,0.1909165241437107,-0.657134962278058,1.0947985022273252,0.8601826383951566,A,0.2802016382406274
S0868,0.334456789987025,1.1267051368275833,-0.8866809222834573,1.653617268492285,-0.03633060804234174,-0.6977189038982449,-0.8059917310594155,0.8102600443753338,C,1.0675283146404824
S0869,0.6585442726728304,-1.0909664302151982,0.5348173363459102,0.13988723283912738,0.14693529838668778,-0.6534628957248072,-0.526555133136702,-1.1554517938176596,A,1.689208495226213
S0870,2.0102045387663496,-0.4108142879545848,1.2289805024890619,0.996118214911129,-0.5221315700199924,-0.38654161589775976,-1.3223474346832955,0.725081044447508,C,0.12494783429007675
S0871,-0.1769472274940494,-1.1057046684859357,-0.6373077470287948,-1.3902219251534627,3.0768603701805035,-0.6355410988155566,0.4090649383340571,1.5268126635772652,A,0.5664944863977914
S0872,-0.7982972445384537,-0.21492103028873533,0.45838670355148425,0.15776143929376948,1.360115900180313,0.20832250862559215,0.6666278834568907,1.9025582052295598,C,0.9607839913137912
S0873,-1.3793192280145272,-0.30803428418574125,-2.0870270186020687,-1.0973683189710666,-1.2445425000847228,0.3603687159048611,-1.349925637861273,2.8652120230859626,A,-2.050559490616751
S0874,-0.7309300399419191,0.7796605322693398,-0.5846177306571996,-1.4769249275319014,0.23286808742689824,-0.9106450871824898,-0.4551989048161591,-0.9019926494431975,A,-1.0192160915095339
S0875,-0.033126972873797095,1.3103087461196083,-0.031058932870901952,-0.7393714074590363,-0.6080061429373236,1.2710653260070335,-1.3472539175813492,2.824220426395203,B,0.10256220357251783
S0876,1.7945578635177877,1.395683810789956,-0.9096834169818336,1.1918993344135729,-1.014479726707414,-0.9800623018406142,-0.8987998102438376,-0.3542063885087883,C,1.5559448682197812
S0877,-0.5176112990361714,-0.5621680265783021,-0.936506374789596,0.9500158286696456,-1.340072071123935,-1.6178006138153371,0.5510170602262995,-0.5924654553805143,C,0.6297607318736517
S0878,0.2237879516388985,-0.20922187374452778,-0.6677795564688862,0.24300472205439969,0.43221669075925395,0.3807780713650517,-0.7334820666782794,0.3270723748778453,B,0.3296996045890158
S0879,-0.016422896072752075,-1.6834381922209503,0.29219272832637316,-1.5327005598899308,-0.6813802350695739,-0.8174081344143398,-0.30082595603229867,-0.5820613340930124,A,-0.22811203854489995
S0880,1.188393273448084,-0.8058700664961888,-0.1873290184063747,-0.1962806513879368,0.9678260240252041,0.321291470757388,-1.6273117279473155,0.3990441406465261,A,0.42679413062350674
S0881,2.5269324258736217,0.9648516330974576,-2.238231233324972,0.30170000890173554,0.993782214530439,-2.4036686011005304,0.1869902097246643,-1.3200771877373016,C,-0.5964406015321919
S0882,-0.5308687729203206,1.6155828235482317,-2.120700152635066,0.1755362295785979,1.3739143852114495,1.3924559414830675,-0.04427331984464883,-0.23875260206343432,A,-0.7798292795319931
S0883,-0.48943944251822213,-1.234348871879922,-0.6068651778571754,-1.8437935834807457,-0.8523867660741036,0.6722934080404022,-0.7289592500331622,1.2855822343616794,C,-0.6929369985919814
S0884,1.044160877069072,-0.5924642591528942,0.45768658605355206,-0.8903178480198718,0.4753656106920102,-1.5004765491630017,-0.18901429768247416,-0.05706129143115594,C,1.340481511172945
S0885,0.6818914896263114,-0.02640575695892703,-2.7475048427252347,-0.06407776414871663,0.6324542166423008,-1.4787771238462857,0.1802948805034444,0.14159578673988282,A,-0.8402520707952791
S0886,1.8467073257360336,0.2801611588196068,-0.4997301761516306,0.5362909095171899,-0.47417817510396487,1.6722659040975276,-0.8148681489093441,0.4752586047173115,A,-0.39877708783112
S0887,0.5839281853259639,-0.8096035199216461,-0.5262478565174211,-2.1961278210999464,-0.7717719573928751,-0.7373799034979586,-1.4762625440017794,1.1706616293176602,A,0.47101123182555843
S0888,-0.35929209078705954,0.4240610444640897,1.3883377782084478,-0.16212397547985843,1.6095206657759729,-0.8341848487326238,1.8055744326868153,-1.655224712189433,B,-0.8801848525192214
S0889,0.5906548306923093,-0.47383934707091613,-0.38502181171286365,0.14304876987895235,0.22749587573205374,-2.2660520941492828,-0.6332727047102726,0.5845240518374347,C,0.22616391232419403
S0890,1.1087035805829077,-0.014452270878279104,0.38298898474092846,0.8496119885162131,0.635967750711738,-0.35077820560155415,-0.09676010318688932,-0.26813913924176325,A,0.2258041934068164
S0891,0.820482181197364,0.5462842480036996,0.14125714008746323,0.6928575842374367,-0.8220760118279274,-0.22771961483575284,1.0108397350203135,0.16663789531183854,B,-0.6244541087598886
S0892,0.5072740311072977,0.0064222698109378164,-2.1305664798072006,0.5825713188088052,-1.2192844665221938,0.7154930967694852,3.529055187570484,1.0599501697623763,A,-0.2587802203372214
S0893,1.066674689589154,-0.4363858905265686,0.7682072166317373,-0.7999405067019342,-0.5694497744921104,-1.3990784281844755,-1.2444864498888657,-1.1941866514118442,C,-0.9435762899283295
S0894,1.1692955904456728,-0.10960980392583083,0.21539650545628794,-1.9080021371233076,-0.12402138738999703,-1.5202867922406096,0.4498272137265099,-1.0126444414430895,B,1.3827660035426448
S0895,1.3821589910375272,-0.08836295920533532,0.5082686396745896,-0.39305275706140097,-1.0642200068173489,0.45096263477647686,-0.7075522852941063,-1.9354299597138063,C,0.2575938606238543
S0896,0.6487098875896427,-0.3700110298821277,3.9262377064363267,1.00163182520856,-0.009844808650383004,1.0067300712270648,-0.5387903045767108,-0.5491589417637764,A,-1.0486430788055976
S0897,-0.16711808031685435,-0.25879606266710237,-2.0841129394985884,1.3934545275244314,-1.6885051880685,-1.571152351117883,-0.7202120210067899,1.3304323443788164,A,0.1263180830336694
S0898,0.14671368643332283,1.598647170504717,1.7246966497611085,0.7105491022977853,-1.1200474224698722,1.0815140862997412,-1.125654967800585,-0.12058718847346953,A,0.1715941620649114
S0899,1.2065089665083568,0.5609194479412387,-0.28744751940035557,0.42934082280173436,0.6709112482768751,0.03754184148682145,-0.04129136178466144,-1.3401248956547858,B,-2.2432398437392296
S0900,-0.8169356709872361,-0.29548031802916036,0.2873289044030093,0.3796396483859655,0.6037905202778941,1.0918053390746456,-1.4745026870482356,-0.485678744575047,B,1.3404440443429446
S0901,0.3686733088729012,0.6969544045107356,-0.04551224530124217,-0.5561187467607805,-0.3918767653868664,-0.07022036151761657,0.9468075665118705,-1.487861703490623,B,-0.9896081122814591
S0902,-0.3933388123273607,-0.33381948975600995,-0.4242363333980435,-0.13006029355362003,-1.017764309076953,-2.5222779174879504,0.055002936033374625,-1.1251861017311617,B,2.090214687137168
S0903,0.028744822934817487,1.1731246375866413,-0.5698329282387588,1.669069525826331,-1.027403551526011,-0.15196738231603887,0.42243497290143983,0.3888189102637133,A,0.7952907609706656
S0904,1.2784518626072987,0.3696421921980939,0.32950873557300914,-0.9425580057918763,-0.3732682459413141,1.06014381867127,-0.4661886119462229,-1.1738733263060288,A,-1.126829739967246
S0905,0.19109906801990334,-0.10730214400422888,-1.5171736966716791,1.6147787907098514,0.6445184916452914,-0.8937460190837143,-0.3672039342117483,1.1126343052033019,A,-0.3142506207998759
S0906,0.04643654815614881,0.4477169258102776,0.7505791675217656,-0.3220281544920584,0.9282456913443246,-0.3879649689074522,0.2875639051673281,-0.071120290830336,B,0.9226181605535483
S0907,-1.3598561409799192,-1.5708761520684993,-0.41619440488525394,1.3254321090950785,-0.49653173548196905,-0.1761335035509783,-1.1640506324058255,0.08559470394452544,B,-0.23775273805544583
S0908,0.7462535660272207,-1.1267674689098053,-1.1300693390403578,-1.4068150094975382,-1.1534924259847839,-2.899513879868482,-0.35799043441333583,-0.27837296760789404,A,1.1782373344185941
S0909,0.6454841811410754,-1.1939250063990554,-0.4500128579958137,0.5859042011646491,0.2678436378663333,1.6713475754374763,-0.8596135138784541,0.7728478385437232,A,-0.37606880777811863
S0910,2.16325472330546,0.14294309476370676,1.2571492168625729,-0.736770135947622,-0.8235349706258495,-0.9013756798971745,-0.8905688105910143,0.7831598877770107,B,-0.07866523286254021
S0911,-0.30777823495300083,1.732514999485092,-0.5353350870162231,-1.4152671919241875,-0.5182526388612024,0.505735432472799,-2.1098382406256415,0.3350543519121714,C,0.950150030210835
S0912,0.21915032766393897,2.2313001461926323,0.35845361820962024,0.21853404241094568,1.3252760904370375,-0.08670113614820872,1.3393265894799997,0.5647891059076481,A,0.6033909931799872
S0913,0.24938368371075526,0.6380511014407572,-0.7309562757154733,1.0094717885959688,0.827115428565768,1.25761905635936,-0.6865387531537689,-0.21208966992042563,A,-0.9252274374790533
S0914,1.5774532797634744,0.5008444749444569,0.7579218499236196,-0.8449414385934964,0.1579743122514517,0.4060561224280809,1.1633760551635501,0.5422030069090485,A,0.4340516364110974
S0915,-0.0952955323869521,-1.801057734152739,0.6855077387902041,-1.4990159604584012,-1.2719190011127228,-0.23492427152097461,1.0687923213942923,-0.33787777547380676,B,0.1674481106643085
S0916,0.27902152577033923,-0.5426737997340217,1.8486088332964115,-0.09184476433495513,0.2113965674706589,-0.8935150925192802,-1.2859997065164936,0.0022316221624020006,A,-0.9117334276366605
S0917,0.6078965097165392,-0.7877837519082389,-0.1755639454992155,-0.08743532877718108,1.0626572907875265,0.7978507013821389,-1.0884112356728457,-0.27464374936629743,A,-1.3904769934405894
S0918,0.1866091231563581,-0.620847598251116,0.6686548047579066,0.5483196275544987,-0.3756336657655356,-1.8734413039546167,2.560502959355684,-0.4572185393191959,A,-1.9313836649426879
S0919,-0.44643361455052827,-0.1681438185847896,0.09806753953894455,0.9495945713644882,1.3511140899867151,0.6458904202758925,1.7509259419271435,-0.6891117977217902,A,-0.2944240848305464
S0920,0.19408999289830758,-0.47209057769712737,1.2958717818630143,-0.059415181272494094,1.292745289518207,-1.0990447515548727,-0.03151851332810415,0.4676901038588855,A,-0.05400660274753027
S0921,1.073631749859772,-1.9792998103757877,-0.7188323876087304,1.855503314794263,1.6637328321434735,1.25228366195664,0.2573731064173494,1.3106059128134633,C,0.5045780561876572
S0922,-1.0265152994110602,0.7479102561175338,0.7450053128772811,0.22423474453529177,0.30524312653135294,0.1612995426626951,-0.6308464029471887,1.1711019716695594,C,0.8204786195830969
S0923,0.132969674146876,-1.0727430257398065,-0.19469729611668168,-0.3464265060068996,0.5873916998060122,0.6441237678501087,0.43235271420033994,-1.2565653359454354,A,-0.41385884310935467
S0924,-0.7001208149391732,0.23924686411114954,-0.06418817710849775,-1.611567359102828,1.41418728833109,0.08198881382471937,-0.7171819007224715,1.2892030514068733,A,-0.08307134704086709
S0925,1.1950466289248425,2.0740826697499735,0.09175248444837286,-0.26265952031616774,0.4473939370689756,-1.7523770951409967,-2.0323537642983847,-0.31815850161792886,A,-0.75872232098603
S0926,-1.5231869047837747,-0.9193845915864234,0.2522403964266774,-0.33638694541113623,-0.5012341077902127,-0.8607291633953384,-1.321555786511051,0.6007330151455916,A,0.08723842080615696
S0927,-0.5589218472715883,-2.5302875227463297,-0.11622904312195817,0.9603047962814704,-0.44854283652786137,0.6723893376113824,0.021092747850587245,-0.906215332047211,B,0.9685086816382776
S0928,0.37721187506452086,-0.2860042218801108,0.21471318317052634,0.46248362406685406,0.23855495377373917,0.166655817359844,-1.1310672355025877,0.14197991387400533,B,0.10114284144581506
S0929,1.5655240292343404,1.100959634998571,1.5781180575621845,-1.1793691216326172,-1.2905614219462187,1.180989905305672,-0.06727746491353453,0.3137231828969071,B,1.1633254000085318
S0930,-0.0657502610729878,1.9583474542205939,0.9854496856152184,0.1722543864110375,-0.14325891536419263,0.40327456303717174,-1.074661039432863,-1.4846047919196528,C,0.9517816603236241
S0931,-0.5551995266931984,-1.2295495944524168,0.8691545924968965,0.6715311717290534,1.0965471182302537,-0.9667018907026598,-0.7823539225019935,0.6082671663441893,A,1.45769783531325
S0932,1.8811570694405901,0.4966992232365217,-0.4555395260238707,1.5280313593878327,-2.191253851165281,-0.796064137720634,0.8531653064131918,1.3459350078383152,B,0.12923243202707665
S0933,-1.448013900416244,-0.46531045678005334,-0.8892408282283243,0.8875039674140593,1.534482101794515,0.10291739052323721,0.24748054764010466,-0.17464794568162792,A,-0.5324301748574725
S0934,-2.198805956620082,-0.10594835430413566,0.9553005582377528,0.7608466543114778,1.1223742187031596,-2.3140440660001054,-0.009664421313347188,1.360168130828013,A,0.6212335227559568
S0935,0.4400144500533324,2.6443433470170348,0.8760467925297942,0.06008599461516361,-0.4597646158304763,1.6734418856229851,0.8789639730706512,-0.18969349345240752,C,-0.3729029968515096
S0936,-0.5020542243526112,-1.5029703283951532,1.472670675750982,0.3883120054234496,0.5433908278718096,0.44174673637755724,0.48060859334734735,0.8495845310466172,C,0.5898516393246427
S0937,-1.0212328171307132,0.25373966149457344,-0.6039806259692295,1.2495049007061587,0.003147726906326633,1.2270345970488723,1.4465632912513675,-2.2185699659510996,B,-0.662803306883641
S0938,0.7083564472993533,0.4676931717654332,-0.22954865536034708,-1.3327773974796497,1.229990368438683,-1.580603940809169,-0.4598592623151402,2.4187777793134635,B,-0.8284058519642044
S0939,0.24380071377119883,1.0857863249393471,-1.6394841625254342,-0.3494393272169559,0.9826831427699412,1.2445651603552557,-0.4296349785275087,1.495458245242957,C,1.216445983497484
S0940,-0.5640786307367284,0.09798315347089544,-0.39247110606087293,-0.7725687487562407,-1.4000707231830092,2.2314989110277486,-1.3011092663913453,-0.2846255042536789,C,-1.012574430814321
S0941,-1.2803043986708944,0.3080505395041023,0.9965705105794472,0.3791531187261241,0.5872624134641767,-1.3208783553773176,-0.4289807173724197,-1.972089026643818,A,1.022247778776032
S0942,0.8724573282801447,-0.3916485674217911,-0.46649537922819795,1.2302221756507876,-0.20562785364324765,0.7714017949037666,0.9647698943024456,0.28802836830548917,A,0.5860309701594453
S0943,0.650201177958661,0.26912694124510733,0.6404797952008238,-0.5969742867210739,0.0828325705180999,0.0011099446872931465,1.299987372262134,-1.4439255470737569,B,0.09429756755876793
S0944,-0.09917586377938291,-0.3431922754974105,-0.19050310599781134,-2.390304367469438,-0.7281719009698155,-1.5444338482482443,0.960305168086668,0.444853537557488,B,-1.89264485243463
S0945,1.8466369960476658,0.6215718898560508,0.32405702822156063,-0.41222074502447015,1.7481370691208353,0.4928839718518698,-1.7941918665494363,0.4115657191642819,C,1.4856591218474382
S0946,-1.0700847663261526,-0.36961033604363397,-1.1476913898156673,0.9134737320174066,1.040061819902576,0.8336032048373484,1.0831452126607344,-0.9414031690020248,B,-0.9348396685724115
S0947,-1.5255251709247388,0.37710039390218647,0.08520944963390106,0.5376299029498797,-0.7397711639729673,-0.6011265526688468,-1.8385186232720707,1.1209670236143776,A,0.953153621879175
S0948,-0.6919080698812444,-0.029262813684978354,-2.9911359709007233,0.4281862478105761,-1.3346106069102326,1.1659165202552229,0.8981173241223475,0.8055747028061735,C,-0.6909408015438936
S0949,-0.045586016355497805,1.1260502507721681,-0.18689615816198485,-0.27999330187447974,-0.3856726309778482,-1.6667634067891977,-0.3677845265710552,0.9758233372885634,A,-0.7711632127184833
S0950,0.24333944932269183,-0.05139372358848624,-1.6304732437151401,-1.2790307362197864,0.43450264609130573,-1.4947561464496442,0.7025333139338557,0.008857703668895378,C,0.6686161119129306
S0951,-0.24123605785632987,-1.7730324682068814,1.205994516546816,0.5152943216244674,0.240205843946223,0.13659739558875236,-1.332448347894566,-1.4155240669137066,C,0.5384650367777315
S0952,0.3520553965142968,1.2619215007139917,0.7774073527645112,-0.8342818100346248,1.2531328247682434,0.025385277972271716,1.1711676327061467,0.9778722722111376,A,-1.1450975471936922
S0953,-1.251539424190444,-0.9057323008626189,0.46667098196608103,2.184096733380456,0.7899197221808523,-0.7165734884241052,-1.464974746104889,-0.27037139913579117,B,1.436759120537793
S0954,1.4437646040732595,-0.6537663386488198,1.52100622715938,0.570507208354516,0.9695690257529068,0.8095944359718859,-0.6684549108531777,-1.389780143192669,B,-0.20604566537607333
S0955,-0.0821511783925688,-0.5956612940434921,-0.9489165208248372,-0.5806483025539511,0.32685540061043733,0.5308943142159493,-0.9980946277690352,1.352039365974326,B,0.06892866703935946
S0956,1.1172958315881276,1.3744380931708173,1.7473631979155582,-0.6113852473886282,-1.3892987302109903,0.858139070934016,-1.754284852822499,2.0994075205025093,B,-0.29707762396627957
S0957,0.34272534637770413,-2.1356742139786955,0.9321915642603847,-0.09294420661358828,-0.19569853114690144,-0.1231364353522676,0.09452756758846836,-0.041248128979203026,A,-1.1027639110275498
S0958,0.4567532191537839,3.1377485336599937,-0.23655528721894603,-0.23950192202174977,1.0600897399086655,0.6025802679783409,1.8060891178369614,2.159121154603292,C,0.735224461435071
S0959,0.5697672802322039,1.0560568090660518,1.1356201471829441,1.1168337755299542,-0.05152292852464606,-0.44565030302999453,2.666905222320009,0.09131472861134962,A,0.2895506950282054
S0960,0.44770856001731496,0.22323891412915967,-1.1062935124116342,0.18641616974404632,0.5030903686237468,2.0538186900865956,0.09715578708624777,-0.38045590416635117,B,-0.8050848444458094
S0961,0.6427227598675439,-0.05489400061628639,-0.8245141615276735,-0.7316317389085281,-0.3187483152461331,-0.8125457701219858,1.1166812750675223,-0.6304584541854775,B,0.9441333299432593
S0962,1.3291525301324314,0.28555407485765694,-0.6085897232397004,1.8904406851557827,-1.029811848541845,2.105297429458312,0.2320946379285372,1.6370824079927424,A,0.05483694125400603
S0963,0.19652116970147013,0.5211224283793383,-0.5289777080640152,0.04930833152022263,-0.12334406404611045,0.034887947089408566,0.49888319476821275,-0.7801438813877718,C,0.07637701661006964
S0964,0.7090037575885123,0.645215585950057,-1.0565576427602528,0.7688396759688968,0.3090474430326539,-1.3755108895687427,-0.34214865112723886,0.7352693099749874,A,1.7765186910911406
S0965,-0.08973569428722672,0.5556044660034485,1.223083067095325,-0.6082265074447593,-0.6556877194614437,1.368079350488601,0.19507692542260213,-0.5591638350592083,A,-1.6079997915169653
S0966,1.4401172154494728,0.08958068125524882,-0.25885440036983165,0.3631156277445234,-0.2357112448566685,0.125901388394959,0.5374787046064285,-0.4603067625743631,A,-1.6212039095709512
S0967,-0.6763923020592697,-0.1973384203073261,0.35250496835687956,0.3111099911431952,-0.9394632419859826,0.851124098380238,-0.5784597288763313,1.030249693969567,C,-1.3960050658404395
S0968,1.8009404329108156,-0.1512732836535117,-0.5703513664136806,-1.889649292096153,1.119244917564096,1.2238559185425932,-0.07749429989298792,-0.38003684628935364,A,0.36363323316153223
S0969,-0.04015795064434341,-0.194908280352681,-1.8206033005485172,2.01527511046064,-0.294455757588034,0.33795555414502526,-0.05843011899748824,-0.4047953794202932,A,-0.3590435830002776
S0970,-1.4307751021180481,1.1337700968670645,0.2700573583914221,1.2906444609225471,1.452755545126183,-0.5922408448128146,0.8264033173305246,1.1328046971748071,B,-0.2795464523939192
S0971,0.12810441491078928,0.5935567222808619,-1.9122549754197768,-0.39719531614598763,1.5287478505409084,0.9757133776692501,-1.0660321716276806,1.5973972932216232,A,-0.9424164116166525
S0972,-0.6810516574748808,-2.9403886346642802,-0.06863404608546861,-1.1022697404558555,-0.08104596472174376,0.000755507454595548,-0.05154220860765155,0.6446898032842333,B,1.665251273821698
S0973,0.8406435489887241,0.655900776529761,-1.3683150388328105,0.347561613803552,-1.0084487325473497,0.685857818608419,1.9120054690526975,-0.6547697756239492,B,2.001017970072886
S0974,-0.6526239793023909,0.19473619471877485,1.987275999230808,0.08669769941439658,-2.0858978777333372,-2.1537305737914614,1.1640601525859375,-0.5106084992975795,B,0.898904562781537
S0975,-0.4461834332147797,-0.018708756445897416,0.9113627221747217,0.3556689485632294,-1.4720370730267915,0.4469817170098519,1.3491790488887052,0.07991526374003749,C,-1.5072856728444286
S0976,-1.889540730945531,-0.38851845308888583,0.10575379127148042,0.19157739619408962,-1.37383482489866,-0.6385858251450302,0.02443184017803416,0.32093006192565754,B,-0.4868968574892246
S0977,-0.4523063192490767,1.1241127199860135,1.2637066776546686,0.5062409893059261,1.3784696274615047,1.6533096371785305,0.32099756368602317,-0.9878659101397719,A,0.8274611346197166
S0978,-2.4238793266289567,0.9475264621228578,-0.8463159774657358,1.4473056993918065,0.1158245872269461,0.6230873478890951,1.0022361667029254,0.7230379395798638,A,-0.045829347761381055
S0979,-1.5839028234857233,-0.7728776678236091,0.543479378670093,0.5681032051286461,0.3896045240919878,0.23985774584929662,1.5602555295309308,0.08551332963959903,B,0.9022204455675815
S0980,0.7604146561442974,0.4070522871245351,0.1998104337187135,-1.0496554989099411,-2.220421008935126,0.48630999335022157,-1.9516029128828867,-1.7157083186381294,B,1.2478153725783292
S0981,0.7858001586508322,-0.971656734541286,0.26402008133367,1.362562852712452,-1.1979664292172616,-0.9984408528767182,-1.3154413070498456,-0.9289264824607304,A,1.907195726692202
S0982,0.42545756178496474,-1.3796181647889305,1.2723535001067678,1.6406145634882874,0.887079776446287,1.6232566905280539,1.3094441014026479,-0.5041286736516637,B,-0.6548651586560266
S0983,-0.966976143129213,-0.6267172245899651,0.7324921027798023,3.152056734512085,0.2867741123825862,1.9913704184169045,-0.2768893557688036,-0.07285768884105508,C,0.08128494703163401
S0984,-0.047711356141979855,0.8623934723827588,0.28872366282502326,-1.123494033239598,-0.14720527868559727,0.3929135105482163,-0.6717207892580773,1.889278795503996,B,-0.44076331179776523
S0985,-0.0036025390905684044,0.9531250453760867,-1.6548874362282961,0.242882013150275,0.5648423586001226,1.5904035685736386,-1.2541609869956039,0.23817130613962828,C,-2.0007822399633985
S0986,-1.1583646891925428,0.513085420097293,-0.9600462952794637,-2.0820987031889873,1.635797806135815,-0.5691481986725339,-0.5550167015441094,-0.8407718898986251,C,0.7015877310571998
S0987,1.5033983017671506,0.7250957868479971,-0.12270893359572414,0.5531491563792091,-0.22104246353705057,-0.7971135662249808,-1.4023692834238248,0.22063080430716323,C,0.5634418012514096
S0988,0.8773622905756714,0.5161782871149584,0.09337237427665124,-0.5482002981667726,0.06936980265806943,0.04092474872892285,2.091094272732477,-0.35208774745388094,B,-0.5468261531053455
S0989,-0.22096417382966393,-0.6414815952229522,-1.1302037246739238,1.9234457948249533,0.19259691873130513,0.43494103836789866,-0.02243605198057349,0.32475823953354177,C,-1.5980554919288952
S0990,0.02688583899453078,0.43192254467394064,2.411676675578421,-0.7746149700185819,2.3921096352739926,-0.3939866812431204,-0.05795054176271757,0.5805676870356148,C,-0.38412325900950034
S0991,0.20838280794755248,0.8004095252276823,1.5163940552535728,-1.6891830379672617,-2.0993562644190256,0.5377681903684838,0.5880766751678318,1.209230647223938,B,0.7311266550111132
S0992,-2.0417348684242906,0.7542913298135743,0.6021183203924835,-0.47126374070251964,0.683223014788808,0.30638948207341404,0.9623451692665695,-0.024286495670025846,C,1.3373328801144235
S0993,-0.24717738252059693,1.188913371474643,0.07203686128374476,-1.9754877712171375,-0.11480224875906367,-0.9983067752910549,0.9458881565546393,1.6389605275998331,B,-0.7125786628673275
S0994,-0.6819842479977986,0.7083038472010638,-0.21220896990115168,0.7510994545073101,0.5667717261841796,0.5187930174517212,1.0736219439075716,0.9080226625361912,A,1.1076963526575612
S0995,-1.0016200098949155,0.3514482075415829,-0.9519184600222356,-2.0650830462563206,-0.6573725539947244,0.8635282425215212,-0.6308455507908564,-0.7074395448121878,C,0.6224709161887462
S0996,-0.2811002928859549,1.0701502383164274,0.07748051851886253,0.02845758118315888,-0.048965030858450255,0.17146931759039094,-0.29786680495686124,2.209855665748464,B,0.4132340807846682
S0997,1.7976865268495226,-0.026521259249060063,0.2577525401427507,-2.077811819856197,0.7114105794654951,1.1526481032616924,0.7690316554422755,0.32699451327009765,A,-1.2935521457432113
S0998,0.6408428612670098,-0.8818746512277178,-1.2417605754816243,-0.3202978045366419,3.112910201043841,-1.217403793496952,-0.52738906163962,-0.8351245039722351,C,-1.2500954765732064
S0999,-0.5711789897827968,-0.16306696394376388,0.33417641724489744,1.643378155804534,0.8080361894020714,0.46795042213185173,-0.005106632027225022,1.6529130512304218,C,-0.8307859631004115
S1000,0.5725827813561586,-0.7449026448064491,-0.15525904882474875,0.36064789143579495,-0.8480655980305086,-1.1702807063967748,0.39876376442481426,2.0777775851984446,B,-0.3263875179599722
